[0.063s] DEBUG:colcon:Command line arguments: ['/usr/bin/colcon', 'build', '--symlink-install']
[0.064s] DEBUG:colcon:Parsed command line arguments: Namespace(log_base=None, log_level=None, verb_name='build', build_base='build', install_base='install', merge_install=False, symlink_install=True, test_result_base=None, continue_on_error=False, executor='parallel', parallel_workers=24, event_handlers=None, ignore_user_meta=False, metas=['./colcon.meta'], base_paths=['.'], packages_ignore=None, packages_ignore_regex=None, paths=None, packages_up_to=None, packages_up_to_regex=None, packages_above=None, packages_above_and_dependencies=None, packages_above_depth=None, packages_select_by_dep=None, packages_skip_by_dep=None, packages_skip_up_to=None, packages_select_build_failed=False, packages_skip_build_finished=False, packages_select_test_failures=False, packages_skip_test_passed=False, packages_select=None, packages_skip=None, packages_select_regex=None, packages_skip_regex=None, packages_start=None, packages_end=None, allow_overriding=[], cmake_args=None, cmake_target=None, cmake_target_skip_unavailable=False, cmake_clean_cache=False, cmake_clean_first=False, cmake_force_configure=False, ament_cmake_args=None, catkin_cmake_args=None, catkin_skip_building_tests=False, verb_parser=<colcon_defaults.argument_parser.defaults.DefaultArgumentsDecorator object at 0x7643202966f0>, verb_extension=<colcon_core.verb.build.BuildVerb object at 0x7643203bede0>, main=<bound method BuildVerb.main of <colcon_core.verb.build.BuildVerb object at 0x7643203bede0>>)
[0.094s] Level 1:colcon.colcon_core.package_discovery:discover_packages(colcon_meta) check parameters
[0.094s] Level 1:colcon.colcon_core.package_discovery:discover_packages(recursive) check parameters
[0.094s] Level 1:colcon.colcon_core.package_discovery:discover_packages(ignore) check parameters
[0.094s] Level 1:colcon.colcon_core.package_discovery:discover_packages(path) check parameters
[0.094s] Level 1:colcon.colcon_core.package_discovery:discover_packages(colcon_meta) discover
[0.094s] Level 1:colcon.colcon_core.package_discovery:discover_packages(recursive) discover
[0.094s] INFO:colcon.colcon_core.package_discovery:Crawling recursively for packages in '/home/naiwu/xxu_2026/xxu_nav_2026'
[0.094s] Level 1:colcon.colcon_core.package_identification:_identify(.) by extensions ['ignore', 'ignore_ament_install']
[0.094s] Level 1:colcon.colcon_core.package_identification:_identify(.) by extension 'ignore'
[0.094s] Level 1:colcon.colcon_core.package_identification:_identify(.) by extension 'ignore_ament_install'
[0.094s] Level 1:colcon.colcon_core.package_identification:_identify(.) by extensions ['colcon_pkg']
[0.094s] Level 1:colcon.colcon_core.package_identification:_identify(.) by extension 'colcon_pkg'
[0.094s] Level 1:colcon.colcon_core.package_identification:_identify(.) by extensions ['colcon_meta']
[0.095s] Level 1:colcon.colcon_core.package_identification:_identify(.) by extension 'colcon_meta'
[0.095s] Level 1:colcon.colcon_core.package_identification:_identify(.) by extensions ['ros']
[0.095s] Level 1:colcon.colcon_core.package_identification:_identify(.) by extension 'ros'
[0.108s] Level 1:colcon.colcon_core.package_identification:_identify(.) by extensions ['cmake', 'python']
[0.108s] Level 1:colcon.colcon_core.package_identification:_identify(.) by extension 'cmake'
[0.108s] Level 1:colcon.colcon_core.package_identification:_identify(.) by extension 'python'
[0.108s] Level 1:colcon.colcon_core.package_identification:_identify(.) by extensions ['python_setup_py']
[0.108s] Level 1:colcon.colcon_core.package_identification:_identify(.) by extension 'python_setup_py'
[0.108s] Level 1:colcon.colcon_core.package_identification:_identify(build) by extensions ['ignore', 'ignore_ament_install']
[0.108s] Level 1:colcon.colcon_core.package_identification:_identify(build) by extension 'ignore'
[0.108s] Level 1:colcon.colcon_core.package_identification:_identify(build) ignored
[0.108s] Level 1:colcon.colcon_core.package_identification:_identify(install) by extensions ['ignore', 'ignore_ament_install']
[0.108s] Level 1:colcon.colcon_core.package_identification:_identify(install) by extension 'ignore'
[0.108s] Level 1:colcon.colcon_core.package_identification:_identify(install) ignored
[0.109s] Level 1:colcon.colcon_core.package_identification:_identify(log) by extensions ['ignore', 'ignore_ament_install']
[0.109s] Level 1:colcon.colcon_core.package_identification:_identify(log) by extension 'ignore'
[0.109s] Level 1:colcon.colcon_core.package_identification:_identify(log) ignored
[0.109s] Level 1:colcon.colcon_core.package_identification:_identify(src) by extensions ['ignore', 'ignore_ament_install']
[0.109s] Level 1:colcon.colcon_core.package_identification:_identify(src) by extension 'ignore'
[0.109s] Level 1:colcon.colcon_core.package_identification:_identify(src) by extension 'ignore_ament_install'
[0.109s] Level 1:colcon.colcon_core.package_identification:_identify(src) by extensions ['colcon_pkg']
[0.109s] Level 1:colcon.colcon_core.package_identification:_identify(src) by extension 'colcon_pkg'
[0.109s] Level 1:colcon.colcon_core.package_identification:_identify(src) by extensions ['colcon_meta']
[0.109s] Level 1:colcon.colcon_core.package_identification:_identify(src) by extension 'colcon_meta'
[0.109s] Level 1:colcon.colcon_core.package_identification:_identify(src) by extensions ['ros']
[0.109s] Level 1:colcon.colcon_core.package_identification:_identify(src) by extension 'ros'
[0.109s] Level 1:colcon.colcon_core.package_identification:_identify(src) by extensions ['cmake', 'python']
[0.109s] Level 1:colcon.colcon_core.package_identification:_identify(src) by extension 'cmake'
[0.109s] Level 1:colcon.colcon_core.package_identification:_identify(src) by extension 'python'
[0.109s] Level 1:colcon.colcon_core.package_identification:_identify(src) by extensions ['python_setup_py']
[0.109s] Level 1:colcon.colcon_core.package_identification:_identify(src) by extension 'python_setup_py'
[0.109s] Level 1:colcon.colcon_core.package_identification:_identify(src/cpp_lidar_filter) by extensions ['ignore', 'ignore_ament_install']
[0.109s] Level 1:colcon.colcon_core.package_identification:_identify(src/cpp_lidar_filter) by extension 'ignore'
[0.109s] Level 1:colcon.colcon_core.package_identification:_identify(src/cpp_lidar_filter) by extension 'ignore_ament_install'
[0.109s] Level 1:colcon.colcon_core.package_identification:_identify(src/cpp_lidar_filter) by extensions ['colcon_pkg']
[0.109s] Level 1:colcon.colcon_core.package_identification:_identify(src/cpp_lidar_filter) by extension 'colcon_pkg'
[0.109s] Level 1:colcon.colcon_core.package_identification:_identify(src/cpp_lidar_filter) by extensions ['colcon_meta']
[0.109s] Level 1:colcon.colcon_core.package_identification:_identify(src/cpp_lidar_filter) by extension 'colcon_meta'
[0.109s] Level 1:colcon.colcon_core.package_identification:_identify(src/cpp_lidar_filter) by extensions ['ros']
[0.109s] Level 1:colcon.colcon_core.package_identification:_identify(src/cpp_lidar_filter) by extension 'ros'
[0.109s] Level 1:colcon.colcon_core.package_identification:_identify(src/cpp_lidar_filter) by extensions ['cmake', 'python']
[0.109s] Level 1:colcon.colcon_core.package_identification:_identify(src/cpp_lidar_filter) by extension 'cmake'
[0.109s] Level 1:colcon.colcon_core.package_identification:_identify(src/cpp_lidar_filter) by extension 'python'
[0.109s] Level 1:colcon.colcon_core.package_identification:_identify(src/cpp_lidar_filter) by extensions ['python_setup_py']
[0.109s] Level 1:colcon.colcon_core.package_identification:_identify(src/cpp_lidar_filter) by extension 'python_setup_py'
[0.109s] Level 1:colcon.colcon_core.package_identification:_identify(src/m-explore-ros2) by extensions ['ignore', 'ignore_ament_install']
[0.109s] Level 1:colcon.colcon_core.package_identification:_identify(src/m-explore-ros2) by extension 'ignore'
[0.109s] Level 1:colcon.colcon_core.package_identification:_identify(src/m-explore-ros2) by extension 'ignore_ament_install'
[0.109s] Level 1:colcon.colcon_core.package_identification:_identify(src/m-explore-ros2) by extensions ['colcon_pkg']
[0.109s] Level 1:colcon.colcon_core.package_identification:_identify(src/m-explore-ros2) by extension 'colcon_pkg'
[0.109s] Level 1:colcon.colcon_core.package_identification:_identify(src/m-explore-ros2) by extensions ['colcon_meta']
[0.109s] Level 1:colcon.colcon_core.package_identification:_identify(src/m-explore-ros2) by extension 'colcon_meta'
[0.109s] Level 1:colcon.colcon_core.package_identification:_identify(src/m-explore-ros2) by extensions ['ros']
[0.109s] Level 1:colcon.colcon_core.package_identification:_identify(src/m-explore-ros2) by extension 'ros'
[0.109s] Level 1:colcon.colcon_core.package_identification:_identify(src/m-explore-ros2) by extensions ['cmake', 'python']
[0.109s] Level 1:colcon.colcon_core.package_identification:_identify(src/m-explore-ros2) by extension 'cmake'
[0.110s] Level 1:colcon.colcon_core.package_identification:_identify(src/m-explore-ros2) by extension 'python'
[0.110s] Level 1:colcon.colcon_core.package_identification:_identify(src/m-explore-ros2) by extensions ['python_setup_py']
[0.110s] Level 1:colcon.colcon_core.package_identification:_identify(src/m-explore-ros2) by extension 'python_setup_py'
[0.110s] Level 1:colcon.colcon_core.package_identification:_identify(src/m-explore-ros2/explore) by extensions ['ignore', 'ignore_ament_install']
[0.110s] Level 1:colcon.colcon_core.package_identification:_identify(src/m-explore-ros2/explore) by extension 'ignore'
[0.110s] Level 1:colcon.colcon_core.package_identification:_identify(src/m-explore-ros2/explore) by extension 'ignore_ament_install'
[0.110s] Level 1:colcon.colcon_core.package_identification:_identify(src/m-explore-ros2/explore) by extensions ['colcon_pkg']
[0.110s] Level 1:colcon.colcon_core.package_identification:_identify(src/m-explore-ros2/explore) by extension 'colcon_pkg'
[0.110s] Level 1:colcon.colcon_core.package_identification:_identify(src/m-explore-ros2/explore) by extensions ['colcon_meta']
[0.110s] Level 1:colcon.colcon_core.package_identification:_identify(src/m-explore-ros2/explore) by extension 'colcon_meta'
[0.110s] Level 1:colcon.colcon_core.package_identification:_identify(src/m-explore-ros2/explore) by extensions ['ros']
[0.110s] Level 1:colcon.colcon_core.package_identification:_identify(src/m-explore-ros2/explore) by extension 'ros'
[0.111s] DEBUG:colcon.colcon_core.package_identification:Package 'src/m-explore-ros2/explore' with type 'ros.ament_cmake' and name 'explore_lite'
[0.111s] Level 1:colcon.colcon_core.package_identification:_identify(src/m-explore-ros2/explore_lite_msgs) by extensions ['ignore', 'ignore_ament_install']
[0.112s] Level 1:colcon.colcon_core.package_identification:_identify(src/m-explore-ros2/explore_lite_msgs) by extension 'ignore'
[0.112s] Level 1:colcon.colcon_core.package_identification:_identify(src/m-explore-ros2/explore_lite_msgs) by extension 'ignore_ament_install'
[0.112s] Level 1:colcon.colcon_core.package_identification:_identify(src/m-explore-ros2/explore_lite_msgs) by extensions ['colcon_pkg']
[0.112s] Level 1:colcon.colcon_core.package_identification:_identify(src/m-explore-ros2/explore_lite_msgs) by extension 'colcon_pkg'
[0.112s] Level 1:colcon.colcon_core.package_identification:_identify(src/m-explore-ros2/explore_lite_msgs) by extensions ['colcon_meta']
[0.112s] Level 1:colcon.colcon_core.package_identification:_identify(src/m-explore-ros2/explore_lite_msgs) by extension 'colcon_meta'
[0.112s] Level 1:colcon.colcon_core.package_identification:_identify(src/m-explore-ros2/explore_lite_msgs) by extensions ['ros']
[0.112s] Level 1:colcon.colcon_core.package_identification:_identify(src/m-explore-ros2/explore_lite_msgs) by extension 'ros'
[0.112s] DEBUG:colcon.colcon_core.package_identification:Package 'src/m-explore-ros2/explore_lite_msgs' with type 'ros.ament_cmake' and name 'explore_lite_msgs'
[0.112s] Level 1:colcon.colcon_core.package_identification:_identify(src/m-explore-ros2/map_merge) by extensions ['ignore', 'ignore_ament_install']
[0.112s] Level 1:colcon.colcon_core.package_identification:_identify(src/m-explore-ros2/map_merge) by extension 'ignore'
[0.112s] Level 1:colcon.colcon_core.package_identification:_identify(src/m-explore-ros2/map_merge) by extension 'ignore_ament_install'
[0.112s] Level 1:colcon.colcon_core.package_identification:_identify(src/m-explore-ros2/map_merge) by extensions ['colcon_pkg']
[0.112s] Level 1:colcon.colcon_core.package_identification:_identify(src/m-explore-ros2/map_merge) by extension 'colcon_pkg'
[0.112s] Level 1:colcon.colcon_core.package_identification:_identify(src/m-explore-ros2/map_merge) by extensions ['colcon_meta']
[0.112s] Level 1:colcon.colcon_core.package_identification:_identify(src/m-explore-ros2/map_merge) by extension 'colcon_meta'
[0.112s] Level 1:colcon.colcon_core.package_identification:_identify(src/m-explore-ros2/map_merge) by extensions ['ros']
[0.112s] Level 1:colcon.colcon_core.package_identification:_identify(src/m-explore-ros2/map_merge) by extension 'ros'
[0.113s] DEBUG:colcon.colcon_core.package_identification:Package 'src/m-explore-ros2/map_merge' with type 'ros.ament_cmake' and name 'multirobot_map_merge'
[0.113s] Level 1:colcon.colcon_core.package_identification:_identify(src/pointcloud_to_laserscan) by extensions ['ignore', 'ignore_ament_install']
[0.113s] Level 1:colcon.colcon_core.package_identification:_identify(src/pointcloud_to_laserscan) by extension 'ignore'
[0.113s] Level 1:colcon.colcon_core.package_identification:_identify(src/pointcloud_to_laserscan) by extension 'ignore_ament_install'
[0.113s] Level 1:colcon.colcon_core.package_identification:_identify(src/pointcloud_to_laserscan) by extensions ['colcon_pkg']
[0.113s] Level 1:colcon.colcon_core.package_identification:_identify(src/pointcloud_to_laserscan) by extension 'colcon_pkg'
[0.113s] Level 1:colcon.colcon_core.package_identification:_identify(src/pointcloud_to_laserscan) by extensions ['colcon_meta']
[0.113s] Level 1:colcon.colcon_core.package_identification:_identify(src/pointcloud_to_laserscan) by extension 'colcon_meta'
[0.113s] Level 1:colcon.colcon_core.package_identification:_identify(src/pointcloud_to_laserscan) by extensions ['ros']
[0.113s] Level 1:colcon.colcon_core.package_identification:_identify(src/pointcloud_to_laserscan) by extension 'ros'
[0.114s] DEBUG:colcon.colcon_core.package_identification:Package 'src/pointcloud_to_laserscan' with type 'ros.ament_cmake' and name 'pointcloud_to_laserscan'
[0.114s] Level 1:colcon.colcon_core.package_identification:_identify(src/small_point_lio) by extensions ['ignore', 'ignore_ament_install']
[0.114s] Level 1:colcon.colcon_core.package_identification:_identify(src/small_point_lio) by extension 'ignore'
[0.114s] Level 1:colcon.colcon_core.package_identification:_identify(src/small_point_lio) by extension 'ignore_ament_install'
[0.114s] Level 1:colcon.colcon_core.package_identification:_identify(src/small_point_lio) by extensions ['colcon_pkg']
[0.114s] Level 1:colcon.colcon_core.package_identification:_identify(src/small_point_lio) by extension 'colcon_pkg'
[0.114s] Level 1:colcon.colcon_core.package_identification:_identify(src/small_point_lio) by extensions ['colcon_meta']
[0.114s] Level 1:colcon.colcon_core.package_identification:_identify(src/small_point_lio) by extension 'colcon_meta'
[0.114s] Level 1:colcon.colcon_core.package_identification:_identify(src/small_point_lio) by extensions ['ros']
[0.114s] Level 1:colcon.colcon_core.package_identification:_identify(src/small_point_lio) by extension 'ros'
[0.115s] DEBUG:colcon.colcon_core.package_identification:Package 'src/small_point_lio' with type 'ros.ament_cmake' and name 'small_point_lio'
[0.115s] Level 1:colcon.colcon_core.package_identification:_identify(src/xxu_chassis_controller) by extensions ['ignore', 'ignore_ament_install']
[0.115s] Level 1:colcon.colcon_core.package_identification:_identify(src/xxu_chassis_controller) by extension 'ignore'
[0.115s] Level 1:colcon.colcon_core.package_identification:_identify(src/xxu_chassis_controller) by extension 'ignore_ament_install'
[0.115s] Level 1:colcon.colcon_core.package_identification:_identify(src/xxu_chassis_controller) by extensions ['colcon_pkg']
[0.115s] Level 1:colcon.colcon_core.package_identification:_identify(src/xxu_chassis_controller) by extension 'colcon_pkg'
[0.115s] Level 1:colcon.colcon_core.package_identification:_identify(src/xxu_chassis_controller) by extensions ['colcon_meta']
[0.115s] Level 1:colcon.colcon_core.package_identification:_identify(src/xxu_chassis_controller) by extension 'colcon_meta'
[0.115s] Level 1:colcon.colcon_core.package_identification:_identify(src/xxu_chassis_controller) by extensions ['ros']
[0.115s] Level 1:colcon.colcon_core.package_identification:_identify(src/xxu_chassis_controller) by extension 'ros'
[0.115s] DEBUG:colcon.colcon_core.package_identification:Package 'src/xxu_chassis_controller' with type 'ros.ament_cmake' and name 'xxu_chassis_controller'
[0.116s] Level 1:colcon.colcon_core.package_identification:_identify(src/xxu_description) by extensions ['ignore', 'ignore_ament_install']
[0.116s] Level 1:colcon.colcon_core.package_identification:_identify(src/xxu_description) by extension 'ignore'
[0.116s] Level 1:colcon.colcon_core.package_identification:_identify(src/xxu_description) by extension 'ignore_ament_install'
[0.116s] Level 1:colcon.colcon_core.package_identification:_identify(src/xxu_description) by extensions ['colcon_pkg']
[0.116s] Level 1:colcon.colcon_core.package_identification:_identify(src/xxu_description) by extension 'colcon_pkg'
[0.116s] Level 1:colcon.colcon_core.package_identification:_identify(src/xxu_description) by extensions ['colcon_meta']
[0.116s] Level 1:colcon.colcon_core.package_identification:_identify(src/xxu_description) by extension 'colcon_meta'
[0.116s] Level 1:colcon.colcon_core.package_identification:_identify(src/xxu_description) by extensions ['ros']
[0.116s] Level 1:colcon.colcon_core.package_identification:_identify(src/xxu_description) by extension 'ros'
[0.116s] DEBUG:colcon.colcon_core.package_identification:Package 'src/xxu_description' with type 'ros.ament_cmake' and name 'xxu_description'
[0.116s] Level 1:colcon.colcon_core.package_identification:_identify(src/xxu_livox_sim) by extensions ['ignore', 'ignore_ament_install']
[0.116s] Level 1:colcon.colcon_core.package_identification:_identify(src/xxu_livox_sim) by extension 'ignore'
[0.116s] Level 1:colcon.colcon_core.package_identification:_identify(src/xxu_livox_sim) by extension 'ignore_ament_install'
[0.116s] Level 1:colcon.colcon_core.package_identification:_identify(src/xxu_livox_sim) by extensions ['colcon_pkg']
[0.116s] Level 1:colcon.colcon_core.package_identification:_identify(src/xxu_livox_sim) by extension 'colcon_pkg'
[0.116s] Level 1:colcon.colcon_core.package_identification:_identify(src/xxu_livox_sim) by extensions ['colcon_meta']
[0.116s] Level 1:colcon.colcon_core.package_identification:_identify(src/xxu_livox_sim) by extension 'colcon_meta'
[0.116s] Level 1:colcon.colcon_core.package_identification:_identify(src/xxu_livox_sim) by extensions ['ros']
[0.116s] Level 1:colcon.colcon_core.package_identification:_identify(src/xxu_livox_sim) by extension 'ros'
[0.117s] DEBUG:colcon.colcon_core.package_identification:Package 'src/xxu_livox_sim' with type 'ros.ament_cmake' and name 'xxu_livox_sim'
[0.117s] Level 1:colcon.colcon_core.package_identification:_identify(src/xxu_pointcloud_processing) by extensions ['ignore', 'ignore_ament_install']
[0.117s] Level 1:colcon.colcon_core.package_identification:_identify(src/xxu_pointcloud_processing) by extension 'ignore'
[0.117s] Level 1:colcon.colcon_core.package_identification:_identify(src/xxu_pointcloud_processing) by extension 'ignore_ament_install'
[0.117s] Level 1:colcon.colcon_core.package_identification:_identify(src/xxu_pointcloud_processing) by extensions ['colcon_pkg']
[0.117s] Level 1:colcon.colcon_core.package_identification:_identify(src/xxu_pointcloud_processing) by extension 'colcon_pkg'
[0.117s] Level 1:colcon.colcon_core.package_identification:_identify(src/xxu_pointcloud_processing) by extensions ['colcon_meta']
[0.117s] Level 1:colcon.colcon_core.package_identification:_identify(src/xxu_pointcloud_processing) by extension 'colcon_meta'
[0.117s] Level 1:colcon.colcon_core.package_identification:_identify(src/xxu_pointcloud_processing) by extensions ['ros']
[0.117s] Level 1:colcon.colcon_core.package_identification:_identify(src/xxu_pointcloud_processing) by extension 'ros'
[0.117s] DEBUG:colcon.colcon_core.package_identification:Package 'src/xxu_pointcloud_processing' with type 'ros.ament_cmake' and name 'xxu_pointcloud_processing'
[0.117s] Level 1:colcon.colcon_core.package_identification:_identify(src/xxu_slam_toolbox) by extensions ['ignore', 'ignore_ament_install']
[0.117s] Level 1:colcon.colcon_core.package_identification:_identify(src/xxu_slam_toolbox) by extension 'ignore'
[0.117s] Level 1:colcon.colcon_core.package_identification:_identify(src/xxu_slam_toolbox) by extension 'ignore_ament_install'
[0.117s] Level 1:colcon.colcon_core.package_identification:_identify(src/xxu_slam_toolbox) by extensions ['colcon_pkg']
[0.118s] Level 1:colcon.colcon_core.package_identification:_identify(src/xxu_slam_toolbox) by extension 'colcon_pkg'
[0.118s] Level 1:colcon.colcon_core.package_identification:_identify(src/xxu_slam_toolbox) by extensions ['colcon_meta']
[0.118s] Level 1:colcon.colcon_core.package_identification:_identify(src/xxu_slam_toolbox) by extension 'colcon_meta'
[0.118s] Level 1:colcon.colcon_core.package_identification:_identify(src/xxu_slam_toolbox) by extensions ['ros']
[0.118s] Level 1:colcon.colcon_core.package_identification:_identify(src/xxu_slam_toolbox) by extension 'ros'
[0.118s] DEBUG:colcon.colcon_core.package_identification:Package 'src/xxu_slam_toolbox' with type 'ros.ament_cmake' and name 'xxu_slam_toolbox'
[0.118s] Level 1:colcon.colcon_core.package_discovery:discover_packages(recursive) using defaults
[0.118s] Level 1:colcon.colcon_core.package_discovery:discover_packages(ignore) discover
[0.118s] Level 1:colcon.colcon_core.package_discovery:discover_packages(ignore) using defaults
[0.118s] Level 1:colcon.colcon_core.package_discovery:discover_packages(path) discover
[0.118s] Level 1:colcon.colcon_core.package_discovery:discover_packages(path) using defaults
[0.131s] Level 1:colcon.colcon_core.package_discovery:discover_packages(prefix_path) check parameters
[0.131s] Level 1:colcon.colcon_core.package_discovery:discover_packages(prefix_path) discover
[0.133s] DEBUG:colcon.colcon_installed_package_information.package_discovery:Found 481 installed packages in /opt/ros/jazzy
[0.134s] Level 1:colcon.colcon_core.package_discovery:discover_packages(prefix_path) using defaults
[0.162s] Level 5:colcon.colcon_core.verb:set package 'explore_lite_msgs' build argument 'cmake_args' from command line to 'None'
[0.162s] Level 5:colcon.colcon_core.verb:set package 'explore_lite_msgs' build argument 'cmake_target' from command line to 'None'
[0.162s] Level 5:colcon.colcon_core.verb:set package 'explore_lite_msgs' build argument 'cmake_target_skip_unavailable' from command line to 'False'
[0.162s] Level 5:colcon.colcon_core.verb:set package 'explore_lite_msgs' build argument 'cmake_clean_cache' from command line to 'False'
[0.162s] Level 5:colcon.colcon_core.verb:set package 'explore_lite_msgs' build argument 'cmake_clean_first' from command line to 'False'
[0.162s] Level 5:colcon.colcon_core.verb:set package 'explore_lite_msgs' build argument 'cmake_force_configure' from command line to 'False'
[0.162s] Level 5:colcon.colcon_core.verb:set package 'explore_lite_msgs' build argument 'ament_cmake_args' from command line to 'None'
[0.162s] Level 5:colcon.colcon_core.verb:set package 'explore_lite_msgs' build argument 'catkin_cmake_args' from command line to 'None'
[0.162s] Level 5:colcon.colcon_core.verb:set package 'explore_lite_msgs' build argument 'catkin_skip_building_tests' from command line to 'False'
[0.162s] DEBUG:colcon.colcon_core.verb:Building package 'explore_lite_msgs' with the following arguments: {'ament_cmake_args': None, 'build_base': '/home/naiwu/xxu_2026/xxu_nav_2026/build/explore_lite_msgs', 'catkin_cmake_args': None, 'catkin_skip_building_tests': False, 'cmake_args': None, 'cmake_clean_cache': False, 'cmake_clean_first': False, 'cmake_force_configure': False, 'cmake_target': None, 'cmake_target_skip_unavailable': False, 'install_base': '/home/naiwu/xxu_2026/xxu_nav_2026/install/explore_lite_msgs', 'merge_install': False, 'path': '/home/naiwu/xxu_2026/xxu_nav_2026/src/m-explore-ros2/explore_lite_msgs', 'symlink_install': True, 'test_result_base': None}
[0.162s] Level 5:colcon.colcon_core.verb:set package 'multirobot_map_merge' build argument 'cmake_args' from command line to 'None'
[0.162s] Level 5:colcon.colcon_core.verb:set package 'multirobot_map_merge' build argument 'cmake_target' from command line to 'None'
[0.162s] Level 5:colcon.colcon_core.verb:set package 'multirobot_map_merge' build argument 'cmake_target_skip_unavailable' from command line to 'False'
[0.162s] Level 5:colcon.colcon_core.verb:set package 'multirobot_map_merge' build argument 'cmake_clean_cache' from command line to 'False'
[0.162s] Level 5:colcon.colcon_core.verb:set package 'multirobot_map_merge' build argument 'cmake_clean_first' from command line to 'False'
[0.162s] Level 5:colcon.colcon_core.verb:set package 'multirobot_map_merge' build argument 'cmake_force_configure' from command line to 'False'
[0.162s] Level 5:colcon.colcon_core.verb:set package 'multirobot_map_merge' build argument 'ament_cmake_args' from command line to 'None'
[0.162s] Level 5:colcon.colcon_core.verb:set package 'multirobot_map_merge' build argument 'catkin_cmake_args' from command line to 'None'
[0.162s] Level 5:colcon.colcon_core.verb:set package 'multirobot_map_merge' build argument 'catkin_skip_building_tests' from command line to 'False'
[0.162s] DEBUG:colcon.colcon_core.verb:Building package 'multirobot_map_merge' with the following arguments: {'ament_cmake_args': None, 'build_base': '/home/naiwu/xxu_2026/xxu_nav_2026/build/multirobot_map_merge', 'catkin_cmake_args': None, 'catkin_skip_building_tests': False, 'cmake_args': None, 'cmake_clean_cache': False, 'cmake_clean_first': False, 'cmake_force_configure': False, 'cmake_target': None, 'cmake_target_skip_unavailable': False, 'install_base': '/home/naiwu/xxu_2026/xxu_nav_2026/install/multirobot_map_merge', 'merge_install': False, 'path': '/home/naiwu/xxu_2026/xxu_nav_2026/src/m-explore-ros2/map_merge', 'symlink_install': True, 'test_result_base': None}
[0.163s] Level 5:colcon.colcon_core.verb:set package 'pointcloud_to_laserscan' build argument 'cmake_args' from command line to 'None'
[0.163s] Level 5:colcon.colcon_core.verb:set package 'pointcloud_to_laserscan' build argument 'cmake_target' from command line to 'None'
[0.163s] Level 5:colcon.colcon_core.verb:set package 'pointcloud_to_laserscan' build argument 'cmake_target_skip_unavailable' from command line to 'False'
[0.163s] Level 5:colcon.colcon_core.verb:set package 'pointcloud_to_laserscan' build argument 'cmake_clean_cache' from command line to 'False'
[0.163s] Level 5:colcon.colcon_core.verb:set package 'pointcloud_to_laserscan' build argument 'cmake_clean_first' from command line to 'False'
[0.163s] Level 5:colcon.colcon_core.verb:set package 'pointcloud_to_laserscan' build argument 'cmake_force_configure' from command line to 'False'
[0.163s] Level 5:colcon.colcon_core.verb:set package 'pointcloud_to_laserscan' build argument 'ament_cmake_args' from command line to 'None'
[0.163s] Level 5:colcon.colcon_core.verb:set package 'pointcloud_to_laserscan' build argument 'catkin_cmake_args' from command line to 'None'
[0.163s] Level 5:colcon.colcon_core.verb:set package 'pointcloud_to_laserscan' build argument 'catkin_skip_building_tests' from command line to 'False'
[0.163s] DEBUG:colcon.colcon_core.verb:Building package 'pointcloud_to_laserscan' with the following arguments: {'ament_cmake_args': None, 'build_base': '/home/naiwu/xxu_2026/xxu_nav_2026/build/pointcloud_to_laserscan', 'catkin_cmake_args': None, 'catkin_skip_building_tests': False, 'cmake_args': None, 'cmake_clean_cache': False, 'cmake_clean_first': False, 'cmake_force_configure': False, 'cmake_target': None, 'cmake_target_skip_unavailable': False, 'install_base': '/home/naiwu/xxu_2026/xxu_nav_2026/install/pointcloud_to_laserscan', 'merge_install': False, 'path': '/home/naiwu/xxu_2026/xxu_nav_2026/src/pointcloud_to_laserscan', 'symlink_install': True, 'test_result_base': None}
[0.163s] Level 5:colcon.colcon_core.verb:set package 'small_point_lio' build argument 'cmake_args' from command line to 'None'
[0.163s] Level 5:colcon.colcon_core.verb:set package 'small_point_lio' build argument 'cmake_target' from command line to 'None'
[0.163s] Level 5:colcon.colcon_core.verb:set package 'small_point_lio' build argument 'cmake_target_skip_unavailable' from command line to 'False'
[0.163s] Level 5:colcon.colcon_core.verb:set package 'small_point_lio' build argument 'cmake_clean_cache' from command line to 'False'
[0.163s] Level 5:colcon.colcon_core.verb:set package 'small_point_lio' build argument 'cmake_clean_first' from command line to 'False'
[0.163s] Level 5:colcon.colcon_core.verb:set package 'small_point_lio' build argument 'cmake_force_configure' from command line to 'False'
[0.163s] Level 5:colcon.colcon_core.verb:set package 'small_point_lio' build argument 'ament_cmake_args' from command line to 'None'
[0.163s] Level 5:colcon.colcon_core.verb:set package 'small_point_lio' build argument 'catkin_cmake_args' from command line to 'None'
[0.163s] Level 5:colcon.colcon_core.verb:set package 'small_point_lio' build argument 'catkin_skip_building_tests' from command line to 'False'
[0.163s] DEBUG:colcon.colcon_core.verb:Building package 'small_point_lio' with the following arguments: {'ament_cmake_args': None, 'build_base': '/home/naiwu/xxu_2026/xxu_nav_2026/build/small_point_lio', 'catkin_cmake_args': None, 'catkin_skip_building_tests': False, 'cmake_args': None, 'cmake_clean_cache': False, 'cmake_clean_first': False, 'cmake_force_configure': False, 'cmake_target': None, 'cmake_target_skip_unavailable': False, 'install_base': '/home/naiwu/xxu_2026/xxu_nav_2026/install/small_point_lio', 'merge_install': False, 'path': '/home/naiwu/xxu_2026/xxu_nav_2026/src/small_point_lio', 'symlink_install': True, 'test_result_base': None}
[0.163s] Level 5:colcon.colcon_core.verb:set package 'xxu_chassis_controller' build argument 'cmake_args' from command line to 'None'
[0.163s] Level 5:colcon.colcon_core.verb:set package 'xxu_chassis_controller' build argument 'cmake_target' from command line to 'None'
[0.163s] Level 5:colcon.colcon_core.verb:set package 'xxu_chassis_controller' build argument 'cmake_target_skip_unavailable' from command line to 'False'
[0.163s] Level 5:colcon.colcon_core.verb:set package 'xxu_chassis_controller' build argument 'cmake_clean_cache' from command line to 'False'
[0.163s] Level 5:colcon.colcon_core.verb:set package 'xxu_chassis_controller' build argument 'cmake_clean_first' from command line to 'False'
[0.163s] Level 5:colcon.colcon_core.verb:set package 'xxu_chassis_controller' build argument 'cmake_force_configure' from command line to 'False'
[0.163s] Level 5:colcon.colcon_core.verb:set package 'xxu_chassis_controller' build argument 'ament_cmake_args' from command line to 'None'
[0.163s] Level 5:colcon.colcon_core.verb:set package 'xxu_chassis_controller' build argument 'catkin_cmake_args' from command line to 'None'
[0.163s] Level 5:colcon.colcon_core.verb:set package 'xxu_chassis_controller' build argument 'catkin_skip_building_tests' from command line to 'False'
[0.163s] DEBUG:colcon.colcon_core.verb:Building package 'xxu_chassis_controller' with the following arguments: {'ament_cmake_args': None, 'build_base': '/home/naiwu/xxu_2026/xxu_nav_2026/build/xxu_chassis_controller', 'catkin_cmake_args': None, 'catkin_skip_building_tests': False, 'cmake_args': None, 'cmake_clean_cache': False, 'cmake_clean_first': False, 'cmake_force_configure': False, 'cmake_target': None, 'cmake_target_skip_unavailable': False, 'install_base': '/home/naiwu/xxu_2026/xxu_nav_2026/install/xxu_chassis_controller', 'merge_install': False, 'path': '/home/naiwu/xxu_2026/xxu_nav_2026/src/xxu_chassis_controller', 'symlink_install': True, 'test_result_base': None}
[0.163s] Level 5:colcon.colcon_core.verb:set package 'xxu_livox_sim' build argument 'cmake_args' from command line to 'None'
[0.163s] Level 5:colcon.colcon_core.verb:set package 'xxu_livox_sim' build argument 'cmake_target' from command line to 'None'
[0.163s] Level 5:colcon.colcon_core.verb:set package 'xxu_livox_sim' build argument 'cmake_target_skip_unavailable' from command line to 'False'
[0.163s] Level 5:colcon.colcon_core.verb:set package 'xxu_livox_sim' build argument 'cmake_clean_cache' from command line to 'False'
[0.163s] Level 5:colcon.colcon_core.verb:set package 'xxu_livox_sim' build argument 'cmake_clean_first' from command line to 'False'
[0.163s] Level 5:colcon.colcon_core.verb:set package 'xxu_livox_sim' build argument 'cmake_force_configure' from command line to 'False'
[0.163s] Level 5:colcon.colcon_core.verb:set package 'xxu_livox_sim' build argument 'ament_cmake_args' from command line to 'None'
[0.163s] Level 5:colcon.colcon_core.verb:set package 'xxu_livox_sim' build argument 'catkin_cmake_args' from command line to 'None'
[0.163s] Level 5:colcon.colcon_core.verb:set package 'xxu_livox_sim' build argument 'catkin_skip_building_tests' from command line to 'False'
[0.163s] DEBUG:colcon.colcon_core.verb:Building package 'xxu_livox_sim' with the following arguments: {'ament_cmake_args': None, 'build_base': '/home/naiwu/xxu_2026/xxu_nav_2026/build/xxu_livox_sim', 'catkin_cmake_args': None, 'catkin_skip_building_tests': False, 'cmake_args': None, 'cmake_clean_cache': False, 'cmake_clean_first': False, 'cmake_force_configure': False, 'cmake_target': None, 'cmake_target_skip_unavailable': False, 'install_base': '/home/naiwu/xxu_2026/xxu_nav_2026/install/xxu_livox_sim', 'merge_install': False, 'path': '/home/naiwu/xxu_2026/xxu_nav_2026/src/xxu_livox_sim', 'symlink_install': True, 'test_result_base': None}
[0.163s] Level 5:colcon.colcon_core.verb:set package 'xxu_pointcloud_processing' build argument 'cmake_args' from command line to 'None'
[0.163s] Level 5:colcon.colcon_core.verb:set package 'xxu_pointcloud_processing' build argument 'cmake_target' from command line to 'None'
[0.163s] Level 5:colcon.colcon_core.verb:set package 'xxu_pointcloud_processing' build argument 'cmake_target_skip_unavailable' from command line to 'False'
[0.163s] Level 5:colcon.colcon_core.verb:set package 'xxu_pointcloud_processing' build argument 'cmake_clean_cache' from command line to 'False'
[0.163s] Level 5:colcon.colcon_core.verb:set package 'xxu_pointcloud_processing' build argument 'cmake_clean_first' from command line to 'False'
[0.163s] Level 5:colcon.colcon_core.verb:set package 'xxu_pointcloud_processing' build argument 'cmake_force_configure' from command line to 'False'
[0.164s] Level 5:colcon.colcon_core.verb:set package 'xxu_pointcloud_processing' build argument 'ament_cmake_args' from command line to 'None'
[0.164s] Level 5:colcon.colcon_core.verb:set package 'xxu_pointcloud_processing' build argument 'catkin_cmake_args' from command line to 'None'
[0.164s] Level 5:colcon.colcon_core.verb:set package 'xxu_pointcloud_processing' build argument 'catkin_skip_building_tests' from command line to 'False'
[0.164s] DEBUG:colcon.colcon_core.verb:Building package 'xxu_pointcloud_processing' with the following arguments: {'ament_cmake_args': None, 'build_base': '/home/naiwu/xxu_2026/xxu_nav_2026/build/xxu_pointcloud_processing', 'catkin_cmake_args': None, 'catkin_skip_building_tests': False, 'cmake_args': None, 'cmake_clean_cache': False, 'cmake_clean_first': False, 'cmake_force_configure': False, 'cmake_target': None, 'cmake_target_skip_unavailable': False, 'install_base': '/home/naiwu/xxu_2026/xxu_nav_2026/install/xxu_pointcloud_processing', 'merge_install': False, 'path': '/home/naiwu/xxu_2026/xxu_nav_2026/src/xxu_pointcloud_processing', 'symlink_install': True, 'test_result_base': None}
[0.164s] Level 5:colcon.colcon_core.verb:set package 'explore_lite' build argument 'cmake_args' from command line to 'None'
[0.164s] Level 5:colcon.colcon_core.verb:set package 'explore_lite' build argument 'cmake_target' from command line to 'None'
[0.164s] Level 5:colcon.colcon_core.verb:set package 'explore_lite' build argument 'cmake_target_skip_unavailable' from command line to 'False'
[0.164s] Level 5:colcon.colcon_core.verb:set package 'explore_lite' build argument 'cmake_clean_cache' from command line to 'False'
[0.164s] Level 5:colcon.colcon_core.verb:set package 'explore_lite' build argument 'cmake_clean_first' from command line to 'False'
[0.164s] Level 5:colcon.colcon_core.verb:set package 'explore_lite' build argument 'cmake_force_configure' from command line to 'False'
[0.164s] Level 5:colcon.colcon_core.verb:set package 'explore_lite' build argument 'ament_cmake_args' from command line to 'None'
[0.164s] Level 5:colcon.colcon_core.verb:set package 'explore_lite' build argument 'catkin_cmake_args' from command line to 'None'
[0.164s] Level 5:colcon.colcon_core.verb:set package 'explore_lite' build argument 'catkin_skip_building_tests' from command line to 'False'
[0.164s] DEBUG:colcon.colcon_core.verb:Building package 'explore_lite' with the following arguments: {'ament_cmake_args': None, 'build_base': '/home/naiwu/xxu_2026/xxu_nav_2026/build/explore_lite', 'catkin_cmake_args': None, 'catkin_skip_building_tests': False, 'cmake_args': None, 'cmake_clean_cache': False, 'cmake_clean_first': False, 'cmake_force_configure': False, 'cmake_target': None, 'cmake_target_skip_unavailable': False, 'install_base': '/home/naiwu/xxu_2026/xxu_nav_2026/install/explore_lite', 'merge_install': False, 'path': '/home/naiwu/xxu_2026/xxu_nav_2026/src/m-explore-ros2/explore', 'symlink_install': True, 'test_result_base': None}
[0.164s] Level 5:colcon.colcon_core.verb:set package 'xxu_description' build argument 'cmake_args' from command line to 'None'
[0.164s] Level 5:colcon.colcon_core.verb:set package 'xxu_description' build argument 'cmake_target' from command line to 'None'
[0.164s] Level 5:colcon.colcon_core.verb:set package 'xxu_description' build argument 'cmake_target_skip_unavailable' from command line to 'False'
[0.164s] Level 5:colcon.colcon_core.verb:set package 'xxu_description' build argument 'cmake_clean_cache' from command line to 'False'
[0.164s] Level 5:colcon.colcon_core.verb:set package 'xxu_description' build argument 'cmake_clean_first' from command line to 'False'
[0.164s] Level 5:colcon.colcon_core.verb:set package 'xxu_description' build argument 'cmake_force_configure' from command line to 'False'
[0.164s] Level 5:colcon.colcon_core.verb:set package 'xxu_description' build argument 'ament_cmake_args' from command line to 'None'
[0.164s] Level 5:colcon.colcon_core.verb:set package 'xxu_description' build argument 'catkin_cmake_args' from command line to 'None'
[0.164s] Level 5:colcon.colcon_core.verb:set package 'xxu_description' build argument 'catkin_skip_building_tests' from command line to 'False'
[0.164s] DEBUG:colcon.colcon_core.verb:Building package 'xxu_description' with the following arguments: {'ament_cmake_args': None, 'build_base': '/home/naiwu/xxu_2026/xxu_nav_2026/build/xxu_description', 'catkin_cmake_args': None, 'catkin_skip_building_tests': False, 'cmake_args': None, 'cmake_clean_cache': False, 'cmake_clean_first': False, 'cmake_force_configure': False, 'cmake_target': None, 'cmake_target_skip_unavailable': False, 'install_base': '/home/naiwu/xxu_2026/xxu_nav_2026/install/xxu_description', 'merge_install': False, 'path': '/home/naiwu/xxu_2026/xxu_nav_2026/src/xxu_description', 'symlink_install': True, 'test_result_base': None}
[0.164s] Level 5:colcon.colcon_core.verb:set package 'xxu_slam_toolbox' build argument 'cmake_args' from command line to 'None'
[0.164s] Level 5:colcon.colcon_core.verb:set package 'xxu_slam_toolbox' build argument 'cmake_target' from command line to 'None'
[0.164s] Level 5:colcon.colcon_core.verb:set package 'xxu_slam_toolbox' build argument 'cmake_target_skip_unavailable' from command line to 'False'
[0.164s] Level 5:colcon.colcon_core.verb:set package 'xxu_slam_toolbox' build argument 'cmake_clean_cache' from command line to 'False'
[0.164s] Level 5:colcon.colcon_core.verb:set package 'xxu_slam_toolbox' build argument 'cmake_clean_first' from command line to 'False'
[0.164s] Level 5:colcon.colcon_core.verb:set package 'xxu_slam_toolbox' build argument 'cmake_force_configure' from command line to 'False'
[0.164s] Level 5:colcon.colcon_core.verb:set package 'xxu_slam_toolbox' build argument 'ament_cmake_args' from command line to 'None'
[0.164s] Level 5:colcon.colcon_core.verb:set package 'xxu_slam_toolbox' build argument 'catkin_cmake_args' from command line to 'None'
[0.164s] Level 5:colcon.colcon_core.verb:set package 'xxu_slam_toolbox' build argument 'catkin_skip_building_tests' from command line to 'False'
[0.164s] DEBUG:colcon.colcon_core.verb:Building package 'xxu_slam_toolbox' with the following arguments: {'ament_cmake_args': None, 'build_base': '/home/naiwu/xxu_2026/xxu_nav_2026/build/xxu_slam_toolbox', 'catkin_cmake_args': None, 'catkin_skip_building_tests': False, 'cmake_args': None, 'cmake_clean_cache': False, 'cmake_clean_first': False, 'cmake_force_configure': False, 'cmake_target': None, 'cmake_target_skip_unavailable': False, 'install_base': '/home/naiwu/xxu_2026/xxu_nav_2026/install/xxu_slam_toolbox', 'merge_install': False, 'path': '/home/naiwu/xxu_2026/xxu_nav_2026/src/xxu_slam_toolbox', 'symlink_install': True, 'test_result_base': None}
[0.164s] INFO:colcon.colcon_core.executor:Executing jobs using 'parallel' executor
[0.165s] DEBUG:colcon.colcon_parallel_executor.executor.parallel:run_until_complete
[0.165s] INFO:colcon.colcon_ros.task.ament_cmake.build:Building ROS package in '/home/naiwu/xxu_2026/xxu_nav_2026/src/m-explore-ros2/explore_lite_msgs' with build type 'ament_cmake'
[0.165s] INFO:colcon.colcon_cmake.task.cmake.build:Building CMake package in '/home/naiwu/xxu_2026/xxu_nav_2026/src/m-explore-ros2/explore_lite_msgs'
[0.167s] INFO:colcon.colcon_core.plugin_system:Skipping extension 'colcon_core.shell.bat': Not used on non-Windows systems
[0.167s] INFO:colcon.colcon_core.shell:Skip shell extension 'powershell' for command environment: Not usable outside of PowerShell
[0.167s] DEBUG:colcon.colcon_core.shell:Skip shell extension 'dsv' for command environment
[0.169s] INFO:colcon.colcon_ros.task.ament_cmake.build:Building ROS package in '/home/naiwu/xxu_2026/xxu_nav_2026/src/pointcloud_to_laserscan' with build type 'ament_cmake'
[0.169s] INFO:colcon.colcon_cmake.task.cmake.build:Building CMake package in '/home/naiwu/xxu_2026/xxu_nav_2026/src/pointcloud_to_laserscan'
[0.169s] INFO:colcon.colcon_core.shell:Skip shell extension 'powershell' for command environment: Not usable outside of PowerShell
[0.169s] DEBUG:colcon.colcon_core.shell:Skip shell extension 'dsv' for command environment
[0.171s] INFO:colcon.colcon_ros.task.ament_cmake.build:Building ROS package in '/home/naiwu/xxu_2026/xxu_nav_2026/src/small_point_lio' with build type 'ament_cmake'
[0.171s] INFO:colcon.colcon_cmake.task.cmake.build:Building CMake package in '/home/naiwu/xxu_2026/xxu_nav_2026/src/small_point_lio'
[0.171s] INFO:colcon.colcon_core.shell:Skip shell extension 'powershell' for command environment: Not usable outside of PowerShell
[0.171s] DEBUG:colcon.colcon_core.shell:Skip shell extension 'dsv' for command environment
[0.173s] INFO:colcon.colcon_ros.task.ament_cmake.build:Building ROS package in '/home/naiwu/xxu_2026/xxu_nav_2026/src/xxu_chassis_controller' with build type 'ament_cmake'
[0.173s] INFO:colcon.colcon_cmake.task.cmake.build:Building CMake package in '/home/naiwu/xxu_2026/xxu_nav_2026/src/xxu_chassis_controller'
[0.173s] INFO:colcon.colcon_core.shell:Skip shell extension 'powershell' for command environment: Not usable outside of PowerShell
[0.173s] DEBUG:colcon.colcon_core.shell:Skip shell extension 'dsv' for command environment
[0.175s] INFO:colcon.colcon_ros.task.ament_cmake.build:Building ROS package in '/home/naiwu/xxu_2026/xxu_nav_2026/src/xxu_livox_sim' with build type 'ament_cmake'
[0.175s] INFO:colcon.colcon_cmake.task.cmake.build:Building CMake package in '/home/naiwu/xxu_2026/xxu_nav_2026/src/xxu_livox_sim'
[0.175s] INFO:colcon.colcon_core.shell:Skip shell extension 'powershell' for command environment: Not usable outside of PowerShell
[0.175s] DEBUG:colcon.colcon_core.shell:Skip shell extension 'dsv' for command environment
[0.177s] INFO:colcon.colcon_ros.task.ament_cmake.build:Building ROS package in '/home/naiwu/xxu_2026/xxu_nav_2026/src/xxu_pointcloud_processing' with build type 'ament_cmake'
[0.177s] INFO:colcon.colcon_cmake.task.cmake.build:Building CMake package in '/home/naiwu/xxu_2026/xxu_nav_2026/src/xxu_pointcloud_processing'
[0.177s] INFO:colcon.colcon_core.shell:Skip shell extension 'powershell' for command environment: Not usable outside of PowerShell
[0.177s] DEBUG:colcon.colcon_core.shell:Skip shell extension 'dsv' for command environment
[0.179s] INFO:colcon.colcon_ros.task.ament_cmake.build:Building ROS package in '/home/naiwu/xxu_2026/xxu_nav_2026/src/m-explore-ros2/map_merge' with build type 'ament_cmake'
[0.179s] INFO:colcon.colcon_cmake.task.cmake.build:Building CMake package in '/home/naiwu/xxu_2026/xxu_nav_2026/src/m-explore-ros2/map_merge'
[0.179s] INFO:colcon.colcon_core.shell:Skip shell extension 'powershell' for command environment: Not usable outside of PowerShell
[0.179s] DEBUG:colcon.colcon_core.shell:Skip shell extension 'dsv' for command environment
[0.189s] DEBUG:colcon.colcon_core.event_handler.log_command:Invoking command in '/home/naiwu/xxu_2026/xxu_nav_2026/build/explore_lite_msgs': CMAKE_PREFIX_PATH=${CMAKE_PREFIX_PATH}:/opt/ros/jazzy DEBUGINFOD_URLS=https://debuginfod.ubuntu.com /usr/bin/cmake --build /home/naiwu/xxu_2026/xxu_nav_2026/build/explore_lite_msgs -- -j24 -l24
[0.192s] DEBUG:colcon.colcon_core.event_handler.log_command:Invoking command in '/home/naiwu/xxu_2026/xxu_nav_2026/build/pointcloud_to_laserscan': CMAKE_PREFIX_PATH=${CMAKE_PREFIX_PATH}:/opt/ros/jazzy DEBUGINFOD_URLS=https://debuginfod.ubuntu.com /usr/bin/cmake /home/naiwu/xxu_2026/xxu_nav_2026/src/pointcloud_to_laserscan -DAMENT_CMAKE_SYMLINK_INSTALL=1 -DCMAKE_INSTALL_PREFIX=/home/naiwu/xxu_2026/xxu_nav_2026/install/pointcloud_to_laserscan
[0.193s] DEBUG:colcon.colcon_core.event_handler.log_command:Invoking command in '/home/naiwu/xxu_2026/xxu_nav_2026/build/small_point_lio': CMAKE_PREFIX_PATH=${CMAKE_PREFIX_PATH}:/opt/ros/jazzy DEBUGINFOD_URLS=https://debuginfod.ubuntu.com /usr/bin/cmake --build /home/naiwu/xxu_2026/xxu_nav_2026/build/small_point_lio -- -j24 -l24
[0.195s] DEBUG:colcon.colcon_core.event_handler.log_command:Invoking command in '/home/naiwu/xxu_2026/xxu_nav_2026/build/xxu_chassis_controller': CMAKE_PREFIX_PATH=${CMAKE_PREFIX_PATH}:/opt/ros/jazzy DEBUGINFOD_URLS=https://debuginfod.ubuntu.com /usr/bin/cmake --build /home/naiwu/xxu_2026/xxu_nav_2026/build/xxu_chassis_controller -- -j24 -l24
[0.197s] DEBUG:colcon.colcon_core.event_handler.log_command:Invoking command in '/home/naiwu/xxu_2026/xxu_nav_2026/build/xxu_livox_sim': CMAKE_PREFIX_PATH=${CMAKE_PREFIX_PATH}:/opt/ros/jazzy DEBUGINFOD_URLS=https://debuginfod.ubuntu.com /usr/bin/cmake /home/naiwu/xxu_2026/xxu_nav_2026/src/xxu_livox_sim -DAMENT_CMAKE_SYMLINK_INSTALL=1 -DCMAKE_INSTALL_PREFIX=/home/naiwu/xxu_2026/xxu_nav_2026/install/xxu_livox_sim
[0.199s] DEBUG:colcon.colcon_core.event_handler.log_command:Invoking command in '/home/naiwu/xxu_2026/xxu_nav_2026/build/xxu_pointcloud_processing': CMAKE_PREFIX_PATH=${CMAKE_PREFIX_PATH}:/opt/ros/jazzy DEBUGINFOD_URLS=https://debuginfod.ubuntu.com /usr/bin/cmake --build /home/naiwu/xxu_2026/xxu_nav_2026/build/xxu_pointcloud_processing -- -j24 -l24
[0.201s] DEBUG:colcon.colcon_core.event_handler.log_command:Invoking command in '/home/naiwu/xxu_2026/xxu_nav_2026/build/multirobot_map_merge': CMAKE_PREFIX_PATH=${CMAKE_PREFIX_PATH}:/opt/ros/jazzy DEBUGINFOD_URLS=https://debuginfod.ubuntu.com /usr/bin/cmake --build /home/naiwu/xxu_2026/xxu_nav_2026/build/multirobot_map_merge -- -j24 -l24
[0.249s] DEBUG:colcon.colcon_core.event_handler.log_command:Invoked command in '/home/naiwu/xxu_2026/xxu_nav_2026/build/xxu_pointcloud_processing' returned '0': CMAKE_PREFIX_PATH=${CMAKE_PREFIX_PATH}:/opt/ros/jazzy DEBUGINFOD_URLS=https://debuginfod.ubuntu.com /usr/bin/cmake --build /home/naiwu/xxu_2026/xxu_nav_2026/build/xxu_pointcloud_processing -- -j24 -l24
[0.267s] DEBUG:colcon.colcon_core.event_handler.log_command:Invoking command in '/home/naiwu/xxu_2026/xxu_nav_2026/build/xxu_pointcloud_processing': CMAKE_PREFIX_PATH=${CMAKE_PREFIX_PATH}:/opt/ros/jazzy DEBUGINFOD_URLS=https://debuginfod.ubuntu.com /usr/bin/cmake --install /home/naiwu/xxu_2026/xxu_nav_2026/build/xxu_pointcloud_processing
[0.267s] DEBUG:colcon.colcon_core.event_handler.log_command:Invoked command in '/home/naiwu/xxu_2026/xxu_nav_2026/build/xxu_chassis_controller' returned '0': CMAKE_PREFIX_PATH=${CMAKE_PREFIX_PATH}:/opt/ros/jazzy DEBUGINFOD_URLS=https://debuginfod.ubuntu.com /usr/bin/cmake --build /home/naiwu/xxu_2026/xxu_nav_2026/build/xxu_chassis_controller -- -j24 -l24
[0.268s] DEBUG:colcon.colcon_core.event_handler.log_command:Invoking command in '/home/naiwu/xxu_2026/xxu_nav_2026/build/xxu_chassis_controller': CMAKE_PREFIX_PATH=${CMAKE_PREFIX_PATH}:/opt/ros/jazzy DEBUGINFOD_URLS=https://debuginfod.ubuntu.com /usr/bin/cmake --install /home/naiwu/xxu_2026/xxu_nav_2026/build/xxu_chassis_controller
[0.269s] DEBUG:colcon.colcon_core.event_handler.log_command:Invoked command in '/home/naiwu/xxu_2026/xxu_nav_2026/build/small_point_lio' returned '0': CMAKE_PREFIX_PATH=${CMAKE_PREFIX_PATH}:/opt/ros/jazzy DEBUGINFOD_URLS=https://debuginfod.ubuntu.com /usr/bin/cmake --build /home/naiwu/xxu_2026/xxu_nav_2026/build/small_point_lio -- -j24 -l24
[0.271s] DEBUG:colcon.colcon_core.event_handler.log_command:Invoking command in '/home/naiwu/xxu_2026/xxu_nav_2026/build/small_point_lio': CMAKE_PREFIX_PATH=${CMAKE_PREFIX_PATH}:/opt/ros/jazzy DEBUGINFOD_URLS=https://debuginfod.ubuntu.com /usr/bin/cmake --install /home/naiwu/xxu_2026/xxu_nav_2026/build/small_point_lio
[0.283s] Level 1:colcon.colcon_core.environment:create_environment_scripts_only(xxu_chassis_controller)
[0.284s] DEBUG:colcon.colcon_core.event_handler.log_command:Invoked command in '/home/naiwu/xxu_2026/xxu_nav_2026/build/xxu_chassis_controller' returned '0': CMAKE_PREFIX_PATH=${CMAKE_PREFIX_PATH}:/opt/ros/jazzy DEBUGINFOD_URLS=https://debuginfod.ubuntu.com /usr/bin/cmake --install /home/naiwu/xxu_2026/xxu_nav_2026/build/xxu_chassis_controller
[0.287s] Level 1:colcon.colcon_core.environment:checking '/home/naiwu/xxu_2026/xxu_nav_2026/install/xxu_chassis_controller' for CMake module files
[0.288s] Level 1:colcon.colcon_core.environment:checking '/home/naiwu/xxu_2026/xxu_nav_2026/install/xxu_chassis_controller' for CMake config files
[0.288s] Level 1:colcon.colcon_core.shell:create_environment_hook('xxu_chassis_controller', 'cmake_prefix_path')
[0.288s] INFO:colcon.colcon_core.shell:Creating environment hook '/home/naiwu/xxu_2026/xxu_nav_2026/install/xxu_chassis_controller/share/xxu_chassis_controller/hook/cmake_prefix_path.ps1'
[0.288s] INFO:colcon.colcon_core.shell:Creating environment descriptor '/home/naiwu/xxu_2026/xxu_nav_2026/install/xxu_chassis_controller/share/xxu_chassis_controller/hook/cmake_prefix_path.dsv'
[0.289s] INFO:colcon.colcon_core.shell:Creating environment hook '/home/naiwu/xxu_2026/xxu_nav_2026/install/xxu_chassis_controller/share/xxu_chassis_controller/hook/cmake_prefix_path.sh'
[0.290s] Level 1:colcon.colcon_core.environment:checking '/home/naiwu/xxu_2026/xxu_nav_2026/install/xxu_chassis_controller/lib'
[0.290s] Level 1:colcon.colcon_core.environment:checking '/home/naiwu/xxu_2026/xxu_nav_2026/install/xxu_chassis_controller/bin'
[0.290s] Level 1:colcon.colcon_core.environment:checking '/home/naiwu/xxu_2026/xxu_nav_2026/install/xxu_chassis_controller/lib/pkgconfig/xxu_chassis_controller.pc'
[0.290s] Level 1:colcon.colcon_core.environment:checking '/home/naiwu/xxu_2026/xxu_nav_2026/install/xxu_chassis_controller/lib/python3.12/site-packages'
[0.290s] Level 1:colcon.colcon_core.environment:checking '/home/naiwu/xxu_2026/xxu_nav_2026/install/xxu_chassis_controller/bin'
[0.290s] INFO:colcon.colcon_core.shell:Creating package script '/home/naiwu/xxu_2026/xxu_nav_2026/install/xxu_chassis_controller/share/xxu_chassis_controller/package.ps1'
[0.291s] INFO:colcon.colcon_core.shell:Creating package descriptor '/home/naiwu/xxu_2026/xxu_nav_2026/install/xxu_chassis_controller/share/xxu_chassis_controller/package.dsv'
[0.292s] INFO:colcon.colcon_core.shell:Creating package script '/home/naiwu/xxu_2026/xxu_nav_2026/install/xxu_chassis_controller/share/xxu_chassis_controller/package.sh'
[0.293s] INFO:colcon.colcon_core.shell:Creating package script '/home/naiwu/xxu_2026/xxu_nav_2026/install/xxu_chassis_controller/share/xxu_chassis_controller/package.bash'
[0.293s] INFO:colcon.colcon_core.shell:Creating package script '/home/naiwu/xxu_2026/xxu_nav_2026/install/xxu_chassis_controller/share/xxu_chassis_controller/package.zsh'
[0.294s] Level 1:colcon.colcon_core.environment:create_file_with_runtime_dependencies(/home/naiwu/xxu_2026/xxu_nav_2026/install/xxu_chassis_controller/share/colcon-core/packages/xxu_chassis_controller)
[0.295s] Level 1:colcon.colcon_core.environment:create_environment_scripts_only(xxu_chassis_controller)
[0.295s] Level 1:colcon.colcon_core.environment:checking '/home/naiwu/xxu_2026/xxu_nav_2026/install/xxu_chassis_controller' for CMake module files
[0.295s] Level 1:colcon.colcon_core.environment:checking '/home/naiwu/xxu_2026/xxu_nav_2026/install/xxu_chassis_controller' for CMake config files
[0.295s] Level 1:colcon.colcon_core.shell:create_environment_hook('xxu_chassis_controller', 'cmake_prefix_path')
[0.295s] INFO:colcon.colcon_core.shell:Creating environment hook '/home/naiwu/xxu_2026/xxu_nav_2026/install/xxu_chassis_controller/share/xxu_chassis_controller/hook/cmake_prefix_path.ps1'
[0.295s] INFO:colcon.colcon_core.shell:Creating environment descriptor '/home/naiwu/xxu_2026/xxu_nav_2026/install/xxu_chassis_controller/share/xxu_chassis_controller/hook/cmake_prefix_path.dsv'
[0.296s] INFO:colcon.colcon_core.shell:Creating environment hook '/home/naiwu/xxu_2026/xxu_nav_2026/install/xxu_chassis_controller/share/xxu_chassis_controller/hook/cmake_prefix_path.sh'
[0.296s] Level 1:colcon.colcon_core.environment:checking '/home/naiwu/xxu_2026/xxu_nav_2026/install/xxu_chassis_controller/lib'
[0.296s] Level 1:colcon.colcon_core.environment:checking '/home/naiwu/xxu_2026/xxu_nav_2026/install/xxu_chassis_controller/bin'
[0.296s] Level 1:colcon.colcon_core.environment:checking '/home/naiwu/xxu_2026/xxu_nav_2026/install/xxu_chassis_controller/lib/pkgconfig/xxu_chassis_controller.pc'
[0.296s] Level 1:colcon.colcon_core.environment:checking '/home/naiwu/xxu_2026/xxu_nav_2026/install/xxu_chassis_controller/lib/python3.12/site-packages'
[0.296s] Level 1:colcon.colcon_core.environment:checking '/home/naiwu/xxu_2026/xxu_nav_2026/install/xxu_chassis_controller/bin'
[0.296s] INFO:colcon.colcon_core.shell:Creating package script '/home/naiwu/xxu_2026/xxu_nav_2026/install/xxu_chassis_controller/share/xxu_chassis_controller/package.ps1'
[0.297s] INFO:colcon.colcon_core.shell:Creating package descriptor '/home/naiwu/xxu_2026/xxu_nav_2026/install/xxu_chassis_controller/share/xxu_chassis_controller/package.dsv'
[0.297s] INFO:colcon.colcon_core.shell:Creating package script '/home/naiwu/xxu_2026/xxu_nav_2026/install/xxu_chassis_controller/share/xxu_chassis_controller/package.sh'
[0.297s] INFO:colcon.colcon_core.shell:Creating package script '/home/naiwu/xxu_2026/xxu_nav_2026/install/xxu_chassis_controller/share/xxu_chassis_controller/package.bash'
[0.298s] INFO:colcon.colcon_core.shell:Creating package script '/home/naiwu/xxu_2026/xxu_nav_2026/install/xxu_chassis_controller/share/xxu_chassis_controller/package.zsh'
[0.298s] Level 1:colcon.colcon_core.environment:create_file_with_runtime_dependencies(/home/naiwu/xxu_2026/xxu_nav_2026/install/xxu_chassis_controller/share/colcon-core/packages/xxu_chassis_controller)
[0.299s] Level 1:colcon.colcon_core.environment:create_environment_scripts_only(xxu_pointcloud_processing)
[0.299s] Level 1:colcon.colcon_core.environment:checking '/home/naiwu/xxu_2026/xxu_nav_2026/install/xxu_pointcloud_processing' for CMake module files
[0.299s] DEBUG:colcon.colcon_core.event_handler.log_command:Invoked command in '/home/naiwu/xxu_2026/xxu_nav_2026/build/xxu_pointcloud_processing' returned '0': CMAKE_PREFIX_PATH=${CMAKE_PREFIX_PATH}:/opt/ros/jazzy DEBUGINFOD_URLS=https://debuginfod.ubuntu.com /usr/bin/cmake --install /home/naiwu/xxu_2026/xxu_nav_2026/build/xxu_pointcloud_processing
[0.300s] Level 1:colcon.colcon_core.environment:checking '/home/naiwu/xxu_2026/xxu_nav_2026/install/xxu_pointcloud_processing' for CMake config files
[0.300s] Level 1:colcon.colcon_core.shell:create_environment_hook('xxu_pointcloud_processing', 'cmake_prefix_path')
[0.300s] INFO:colcon.colcon_core.shell:Creating environment hook '/home/naiwu/xxu_2026/xxu_nav_2026/install/xxu_pointcloud_processing/share/xxu_pointcloud_processing/hook/cmake_prefix_path.ps1'
[0.300s] INFO:colcon.colcon_core.shell:Creating environment descriptor '/home/naiwu/xxu_2026/xxu_nav_2026/install/xxu_pointcloud_processing/share/xxu_pointcloud_processing/hook/cmake_prefix_path.dsv'
[0.300s] INFO:colcon.colcon_core.shell:Creating environment hook '/home/naiwu/xxu_2026/xxu_nav_2026/install/xxu_pointcloud_processing/share/xxu_pointcloud_processing/hook/cmake_prefix_path.sh'
[0.301s] Level 1:colcon.colcon_core.environment:checking '/home/naiwu/xxu_2026/xxu_nav_2026/install/xxu_pointcloud_processing/lib'
[0.301s] Level 1:colcon.colcon_core.environment:checking '/home/naiwu/xxu_2026/xxu_nav_2026/install/xxu_pointcloud_processing/bin'
[0.301s] Level 1:colcon.colcon_core.environment:checking '/home/naiwu/xxu_2026/xxu_nav_2026/install/xxu_pointcloud_processing/lib/pkgconfig/xxu_pointcloud_processing.pc'
[0.301s] Level 1:colcon.colcon_core.environment:checking '/home/naiwu/xxu_2026/xxu_nav_2026/install/xxu_pointcloud_processing/lib/python3.12/site-packages'
[0.301s] Level 1:colcon.colcon_core.environment:checking '/home/naiwu/xxu_2026/xxu_nav_2026/install/xxu_pointcloud_processing/bin'
[0.301s] INFO:colcon.colcon_core.shell:Creating package script '/home/naiwu/xxu_2026/xxu_nav_2026/install/xxu_pointcloud_processing/share/xxu_pointcloud_processing/package.ps1'
[0.301s] INFO:colcon.colcon_core.shell:Creating package descriptor '/home/naiwu/xxu_2026/xxu_nav_2026/install/xxu_pointcloud_processing/share/xxu_pointcloud_processing/package.dsv'
[0.302s] INFO:colcon.colcon_core.shell:Creating package script '/home/naiwu/xxu_2026/xxu_nav_2026/install/xxu_pointcloud_processing/share/xxu_pointcloud_processing/package.sh'
[0.302s] INFO:colcon.colcon_core.shell:Creating package script '/home/naiwu/xxu_2026/xxu_nav_2026/install/xxu_pointcloud_processing/share/xxu_pointcloud_processing/package.bash'
[0.302s] INFO:colcon.colcon_core.shell:Creating package script '/home/naiwu/xxu_2026/xxu_nav_2026/install/xxu_pointcloud_processing/share/xxu_pointcloud_processing/package.zsh'
[0.302s] Level 1:colcon.colcon_core.environment:create_file_with_runtime_dependencies(/home/naiwu/xxu_2026/xxu_nav_2026/install/xxu_pointcloud_processing/share/colcon-core/packages/xxu_pointcloud_processing)
[0.302s] Level 1:colcon.colcon_core.environment:create_environment_scripts_only(xxu_pointcloud_processing)
[0.303s] Level 1:colcon.colcon_core.environment:checking '/home/naiwu/xxu_2026/xxu_nav_2026/install/xxu_pointcloud_processing' for CMake module files
[0.303s] Level 1:colcon.colcon_core.environment:checking '/home/naiwu/xxu_2026/xxu_nav_2026/install/xxu_pointcloud_processing' for CMake config files
[0.303s] Level 1:colcon.colcon_core.shell:create_environment_hook('xxu_pointcloud_processing', 'cmake_prefix_path')
[0.303s] INFO:colcon.colcon_core.shell:Creating environment hook '/home/naiwu/xxu_2026/xxu_nav_2026/install/xxu_pointcloud_processing/share/xxu_pointcloud_processing/hook/cmake_prefix_path.ps1'
[0.304s] INFO:colcon.colcon_core.shell:Creating environment descriptor '/home/naiwu/xxu_2026/xxu_nav_2026/install/xxu_pointcloud_processing/share/xxu_pointcloud_processing/hook/cmake_prefix_path.dsv'
[0.304s] INFO:colcon.colcon_core.shell:Creating environment hook '/home/naiwu/xxu_2026/xxu_nav_2026/install/xxu_pointcloud_processing/share/xxu_pointcloud_processing/hook/cmake_prefix_path.sh'
[0.305s] Level 1:colcon.colcon_core.environment:checking '/home/naiwu/xxu_2026/xxu_nav_2026/install/xxu_pointcloud_processing/lib'
[0.305s] Level 1:colcon.colcon_core.environment:checking '/home/naiwu/xxu_2026/xxu_nav_2026/install/xxu_pointcloud_processing/bin'
[0.305s] Level 1:colcon.colcon_core.environment:checking '/home/naiwu/xxu_2026/xxu_nav_2026/install/xxu_pointcloud_processing/lib/pkgconfig/xxu_pointcloud_processing.pc'
[0.305s] Level 1:colcon.colcon_core.environment:checking '/home/naiwu/xxu_2026/xxu_nav_2026/install/xxu_pointcloud_processing/lib/python3.12/site-packages'
[0.305s] Level 1:colcon.colcon_core.environment:checking '/home/naiwu/xxu_2026/xxu_nav_2026/install/xxu_pointcloud_processing/bin'
[0.305s] INFO:colcon.colcon_core.shell:Creating package script '/home/naiwu/xxu_2026/xxu_nav_2026/install/xxu_pointcloud_processing/share/xxu_pointcloud_processing/package.ps1'
[0.305s] INFO:colcon.colcon_core.shell:Creating package descriptor '/home/naiwu/xxu_2026/xxu_nav_2026/install/xxu_pointcloud_processing/share/xxu_pointcloud_processing/package.dsv'
[0.306s] INFO:colcon.colcon_core.shell:Creating package script '/home/naiwu/xxu_2026/xxu_nav_2026/install/xxu_pointcloud_processing/share/xxu_pointcloud_processing/package.sh'
[0.306s] INFO:colcon.colcon_core.shell:Creating package script '/home/naiwu/xxu_2026/xxu_nav_2026/install/xxu_pointcloud_processing/share/xxu_pointcloud_processing/package.bash'
[0.306s] INFO:colcon.colcon_core.shell:Creating package script '/home/naiwu/xxu_2026/xxu_nav_2026/install/xxu_pointcloud_processing/share/xxu_pointcloud_processing/package.zsh'
[0.306s] Level 1:colcon.colcon_core.environment:create_file_with_runtime_dependencies(/home/naiwu/xxu_2026/xxu_nav_2026/install/xxu_pointcloud_processing/share/colcon-core/packages/xxu_pointcloud_processing)
[0.306s] Level 1:colcon.colcon_core.environment:create_environment_scripts_only(small_point_lio)
[0.306s] Level 1:colcon.colcon_core.environment:checking '/home/naiwu/xxu_2026/xxu_nav_2026/install/small_point_lio' for CMake module files
[0.307s] DEBUG:colcon.colcon_core.event_handler.log_command:Invoked command in '/home/naiwu/xxu_2026/xxu_nav_2026/build/small_point_lio' returned '0': CMAKE_PREFIX_PATH=${CMAKE_PREFIX_PATH}:/opt/ros/jazzy DEBUGINFOD_URLS=https://debuginfod.ubuntu.com /usr/bin/cmake --install /home/naiwu/xxu_2026/xxu_nav_2026/build/small_point_lio
[0.307s] Level 1:colcon.colcon_core.environment:checking '/home/naiwu/xxu_2026/xxu_nav_2026/install/small_point_lio' for CMake config files
[0.307s] Level 1:colcon.colcon_core.shell:create_environment_hook('small_point_lio', 'cmake_prefix_path')
[0.307s] INFO:colcon.colcon_core.shell:Creating environment hook '/home/naiwu/xxu_2026/xxu_nav_2026/install/small_point_lio/share/small_point_lio/hook/cmake_prefix_path.ps1'
[0.308s] INFO:colcon.colcon_core.shell:Creating environment descriptor '/home/naiwu/xxu_2026/xxu_nav_2026/install/small_point_lio/share/small_point_lio/hook/cmake_prefix_path.dsv'
[0.308s] INFO:colcon.colcon_core.shell:Creating environment hook '/home/naiwu/xxu_2026/xxu_nav_2026/install/small_point_lio/share/small_point_lio/hook/cmake_prefix_path.sh'
[0.309s] Level 1:colcon.colcon_core.environment:checking '/home/naiwu/xxu_2026/xxu_nav_2026/install/small_point_lio/lib'
[0.309s] Level 1:colcon.colcon_core.shell:create_environment_hook('small_point_lio', 'ld_library_path_lib')
[0.309s] INFO:colcon.colcon_core.shell:Creating environment hook '/home/naiwu/xxu_2026/xxu_nav_2026/install/small_point_lio/share/small_point_lio/hook/ld_library_path_lib.ps1'
[0.309s] INFO:colcon.colcon_core.shell:Creating environment descriptor '/home/naiwu/xxu_2026/xxu_nav_2026/install/small_point_lio/share/small_point_lio/hook/ld_library_path_lib.dsv'
[0.310s] INFO:colcon.colcon_core.shell:Creating environment hook '/home/naiwu/xxu_2026/xxu_nav_2026/install/small_point_lio/share/small_point_lio/hook/ld_library_path_lib.sh'
[0.310s] Level 1:colcon.colcon_core.environment:checking '/home/naiwu/xxu_2026/xxu_nav_2026/install/small_point_lio/bin'
[0.310s] Level 1:colcon.colcon_core.environment:checking '/home/naiwu/xxu_2026/xxu_nav_2026/install/small_point_lio/lib/pkgconfig/small_point_lio.pc'
[0.310s] Level 1:colcon.colcon_core.environment:checking '/home/naiwu/xxu_2026/xxu_nav_2026/install/small_point_lio/lib/python3.12/site-packages'
[0.310s] Level 1:colcon.colcon_core.environment:checking '/home/naiwu/xxu_2026/xxu_nav_2026/install/small_point_lio/bin'
[0.310s] INFO:colcon.colcon_core.shell:Creating package script '/home/naiwu/xxu_2026/xxu_nav_2026/install/small_point_lio/share/small_point_lio/package.ps1'
[0.311s] INFO:colcon.colcon_core.shell:Creating package descriptor '/home/naiwu/xxu_2026/xxu_nav_2026/install/small_point_lio/share/small_point_lio/package.dsv'
[0.311s] INFO:colcon.colcon_core.shell:Creating package script '/home/naiwu/xxu_2026/xxu_nav_2026/install/small_point_lio/share/small_point_lio/package.sh'
[0.311s] INFO:colcon.colcon_core.shell:Creating package script '/home/naiwu/xxu_2026/xxu_nav_2026/install/small_point_lio/share/small_point_lio/package.bash'
[0.311s] INFO:colcon.colcon_core.shell:Creating package script '/home/naiwu/xxu_2026/xxu_nav_2026/install/small_point_lio/share/small_point_lio/package.zsh'
[0.311s] Level 1:colcon.colcon_core.environment:create_file_with_runtime_dependencies(/home/naiwu/xxu_2026/xxu_nav_2026/install/small_point_lio/share/colcon-core/packages/small_point_lio)
[0.312s] Level 1:colcon.colcon_core.environment:create_environment_scripts_only(small_point_lio)
[0.312s] Level 1:colcon.colcon_core.environment:checking '/home/naiwu/xxu_2026/xxu_nav_2026/install/small_point_lio' for CMake module files
[0.312s] Level 1:colcon.colcon_core.environment:checking '/home/naiwu/xxu_2026/xxu_nav_2026/install/small_point_lio' for CMake config files
[0.312s] Level 1:colcon.colcon_core.shell:create_environment_hook('small_point_lio', 'cmake_prefix_path')
[0.312s] INFO:colcon.colcon_core.shell:Creating environment hook '/home/naiwu/xxu_2026/xxu_nav_2026/install/small_point_lio/share/small_point_lio/hook/cmake_prefix_path.ps1'
[0.312s] INFO:colcon.colcon_core.shell:Creating environment descriptor '/home/naiwu/xxu_2026/xxu_nav_2026/install/small_point_lio/share/small_point_lio/hook/cmake_prefix_path.dsv'
[0.312s] INFO:colcon.colcon_core.shell:Creating environment hook '/home/naiwu/xxu_2026/xxu_nav_2026/install/small_point_lio/share/small_point_lio/hook/cmake_prefix_path.sh'
[0.313s] Level 1:colcon.colcon_core.environment:checking '/home/naiwu/xxu_2026/xxu_nav_2026/install/small_point_lio/lib'
[0.313s] Level 1:colcon.colcon_core.shell:create_environment_hook('small_point_lio', 'ld_library_path_lib')
[0.313s] INFO:colcon.colcon_core.shell:Creating environment hook '/home/naiwu/xxu_2026/xxu_nav_2026/install/small_point_lio/share/small_point_lio/hook/ld_library_path_lib.ps1'
[0.313s] INFO:colcon.colcon_core.shell:Creating environment descriptor '/home/naiwu/xxu_2026/xxu_nav_2026/install/small_point_lio/share/small_point_lio/hook/ld_library_path_lib.dsv'
[0.313s] INFO:colcon.colcon_core.shell:Creating environment hook '/home/naiwu/xxu_2026/xxu_nav_2026/install/small_point_lio/share/small_point_lio/hook/ld_library_path_lib.sh'
[0.314s] Level 1:colcon.colcon_core.environment:checking '/home/naiwu/xxu_2026/xxu_nav_2026/install/small_point_lio/bin'
[0.314s] Level 1:colcon.colcon_core.environment:checking '/home/naiwu/xxu_2026/xxu_nav_2026/install/small_point_lio/lib/pkgconfig/small_point_lio.pc'
[0.314s] Level 1:colcon.colcon_core.environment:checking '/home/naiwu/xxu_2026/xxu_nav_2026/install/small_point_lio/lib/python3.12/site-packages'
[0.315s] Level 1:colcon.colcon_core.environment:checking '/home/naiwu/xxu_2026/xxu_nav_2026/install/small_point_lio/bin'
[0.315s] INFO:colcon.colcon_core.shell:Creating package script '/home/naiwu/xxu_2026/xxu_nav_2026/install/small_point_lio/share/small_point_lio/package.ps1'
[0.315s] INFO:colcon.colcon_core.shell:Creating package descriptor '/home/naiwu/xxu_2026/xxu_nav_2026/install/small_point_lio/share/small_point_lio/package.dsv'
[0.315s] INFO:colcon.colcon_core.shell:Creating package script '/home/naiwu/xxu_2026/xxu_nav_2026/install/small_point_lio/share/small_point_lio/package.sh'
[0.316s] INFO:colcon.colcon_core.shell:Creating package script '/home/naiwu/xxu_2026/xxu_nav_2026/install/small_point_lio/share/small_point_lio/package.bash'
[0.316s] INFO:colcon.colcon_core.shell:Creating package script '/home/naiwu/xxu_2026/xxu_nav_2026/install/small_point_lio/share/small_point_lio/package.zsh'
[0.316s] Level 1:colcon.colcon_core.environment:create_file_with_runtime_dependencies(/home/naiwu/xxu_2026/xxu_nav_2026/install/small_point_lio/share/colcon-core/packages/small_point_lio)
[0.455s] DEBUG:colcon.colcon_core.event_handler.log_command:Invoked command in '/home/naiwu/xxu_2026/xxu_nav_2026/build/explore_lite_msgs' returned '0': CMAKE_PREFIX_PATH=${CMAKE_PREFIX_PATH}:/opt/ros/jazzy DEBUGINFOD_URLS=https://debuginfod.ubuntu.com /usr/bin/cmake --build /home/naiwu/xxu_2026/xxu_nav_2026/build/explore_lite_msgs -- -j24 -l24
[0.456s] DEBUG:colcon.colcon_core.event_handler.log_command:Invoking command in '/home/naiwu/xxu_2026/xxu_nav_2026/build/explore_lite_msgs': CMAKE_PREFIX_PATH=${CMAKE_PREFIX_PATH}:/opt/ros/jazzy DEBUGINFOD_URLS=https://debuginfod.ubuntu.com /usr/bin/cmake --install /home/naiwu/xxu_2026/xxu_nav_2026/build/explore_lite_msgs
[0.800s] DEBUG:colcon.colcon_core.event_handler.log_command:Invoked command in '/home/naiwu/xxu_2026/xxu_nav_2026/build/pointcloud_to_laserscan' returned '0': CMAKE_PREFIX_PATH=${CMAKE_PREFIX_PATH}:/opt/ros/jazzy DEBUGINFOD_URLS=https://debuginfod.ubuntu.com /usr/bin/cmake /home/naiwu/xxu_2026/xxu_nav_2026/src/pointcloud_to_laserscan -DAMENT_CMAKE_SYMLINK_INSTALL=1 -DCMAKE_INSTALL_PREFIX=/home/naiwu/xxu_2026/xxu_nav_2026/install/pointcloud_to_laserscan
[0.800s] DEBUG:colcon.colcon_core.event_handler.log_command:Invoking command in '/home/naiwu/xxu_2026/xxu_nav_2026/build/pointcloud_to_laserscan': CMAKE_PREFIX_PATH=${CMAKE_PREFIX_PATH}:/opt/ros/jazzy DEBUGINFOD_URLS=https://debuginfod.ubuntu.com /usr/bin/cmake --build /home/naiwu/xxu_2026/xxu_nav_2026/build/pointcloud_to_laserscan -- -j24 -l24
[0.925s] Level 1:colcon.colcon_core.environment:create_environment_scripts_only(explore_lite_msgs)
[0.925s] Level 1:colcon.colcon_core.environment:checking '/home/naiwu/xxu_2026/xxu_nav_2026/install/explore_lite_msgs' for CMake module files
[0.925s] DEBUG:colcon.colcon_core.event_handler.log_command:Invoked command in '/home/naiwu/xxu_2026/xxu_nav_2026/build/explore_lite_msgs' returned '0': CMAKE_PREFIX_PATH=${CMAKE_PREFIX_PATH}:/opt/ros/jazzy DEBUGINFOD_URLS=https://debuginfod.ubuntu.com /usr/bin/cmake --install /home/naiwu/xxu_2026/xxu_nav_2026/build/explore_lite_msgs
[0.926s] Level 1:colcon.colcon_core.environment:checking '/home/naiwu/xxu_2026/xxu_nav_2026/install/explore_lite_msgs' for CMake config files
[0.926s] Level 1:colcon.colcon_core.shell:create_environment_hook('explore_lite_msgs', 'cmake_prefix_path')
[0.926s] INFO:colcon.colcon_core.shell:Creating environment hook '/home/naiwu/xxu_2026/xxu_nav_2026/install/explore_lite_msgs/share/explore_lite_msgs/hook/cmake_prefix_path.ps1'
[0.926s] INFO:colcon.colcon_core.shell:Creating environment descriptor '/home/naiwu/xxu_2026/xxu_nav_2026/install/explore_lite_msgs/share/explore_lite_msgs/hook/cmake_prefix_path.dsv'
[0.927s] INFO:colcon.colcon_core.shell:Creating environment hook '/home/naiwu/xxu_2026/xxu_nav_2026/install/explore_lite_msgs/share/explore_lite_msgs/hook/cmake_prefix_path.sh'
[0.927s] Level 1:colcon.colcon_core.environment:checking '/home/naiwu/xxu_2026/xxu_nav_2026/install/explore_lite_msgs/lib'
[0.927s] Level 1:colcon.colcon_core.shell:create_environment_hook('explore_lite_msgs', 'ld_library_path_lib')
[0.927s] INFO:colcon.colcon_core.shell:Creating environment hook '/home/naiwu/xxu_2026/xxu_nav_2026/install/explore_lite_msgs/share/explore_lite_msgs/hook/ld_library_path_lib.ps1'
[0.927s] INFO:colcon.colcon_core.shell:Creating environment descriptor '/home/naiwu/xxu_2026/xxu_nav_2026/install/explore_lite_msgs/share/explore_lite_msgs/hook/ld_library_path_lib.dsv'
[0.928s] INFO:colcon.colcon_core.shell:Creating environment hook '/home/naiwu/xxu_2026/xxu_nav_2026/install/explore_lite_msgs/share/explore_lite_msgs/hook/ld_library_path_lib.sh'
[0.928s] Level 1:colcon.colcon_core.environment:checking '/home/naiwu/xxu_2026/xxu_nav_2026/install/explore_lite_msgs/bin'
[0.928s] Level 1:colcon.colcon_core.environment:checking '/home/naiwu/xxu_2026/xxu_nav_2026/install/explore_lite_msgs/lib/pkgconfig/explore_lite_msgs.pc'
[0.928s] Level 1:colcon.colcon_core.environment:checking '/home/naiwu/xxu_2026/xxu_nav_2026/install/explore_lite_msgs/lib/python3.12/site-packages'
[0.928s] Level 1:colcon.colcon_core.shell:create_environment_hook('explore_lite_msgs', 'pythonpath')
[0.928s] INFO:colcon.colcon_core.shell:Creating environment hook '/home/naiwu/xxu_2026/xxu_nav_2026/install/explore_lite_msgs/share/explore_lite_msgs/hook/pythonpath.ps1'
[0.928s] INFO:colcon.colcon_core.shell:Creating environment descriptor '/home/naiwu/xxu_2026/xxu_nav_2026/install/explore_lite_msgs/share/explore_lite_msgs/hook/pythonpath.dsv'
[0.928s] INFO:colcon.colcon_core.shell:Creating environment hook '/home/naiwu/xxu_2026/xxu_nav_2026/install/explore_lite_msgs/share/explore_lite_msgs/hook/pythonpath.sh'
[0.929s] Level 1:colcon.colcon_core.environment:checking '/home/naiwu/xxu_2026/xxu_nav_2026/install/explore_lite_msgs/bin'
[0.929s] INFO:colcon.colcon_core.shell:Creating package script '/home/naiwu/xxu_2026/xxu_nav_2026/install/explore_lite_msgs/share/explore_lite_msgs/package.ps1'
[0.929s] INFO:colcon.colcon_core.shell:Creating package descriptor '/home/naiwu/xxu_2026/xxu_nav_2026/install/explore_lite_msgs/share/explore_lite_msgs/package.dsv'
[0.930s] INFO:colcon.colcon_core.shell:Creating package script '/home/naiwu/xxu_2026/xxu_nav_2026/install/explore_lite_msgs/share/explore_lite_msgs/package.sh'
[0.930s] INFO:colcon.colcon_core.shell:Creating package script '/home/naiwu/xxu_2026/xxu_nav_2026/install/explore_lite_msgs/share/explore_lite_msgs/package.bash'
[0.930s] INFO:colcon.colcon_core.shell:Creating package script '/home/naiwu/xxu_2026/xxu_nav_2026/install/explore_lite_msgs/share/explore_lite_msgs/package.zsh'
[0.930s] Level 1:colcon.colcon_core.environment:create_file_with_runtime_dependencies(/home/naiwu/xxu_2026/xxu_nav_2026/install/explore_lite_msgs/share/colcon-core/packages/explore_lite_msgs)
[0.931s] Level 1:colcon.colcon_core.environment:create_environment_scripts_only(explore_lite_msgs)
[0.931s] Level 1:colcon.colcon_core.environment:checking '/home/naiwu/xxu_2026/xxu_nav_2026/install/explore_lite_msgs' for CMake module files
[0.931s] Level 1:colcon.colcon_core.environment:checking '/home/naiwu/xxu_2026/xxu_nav_2026/install/explore_lite_msgs' for CMake config files
[0.931s] Level 1:colcon.colcon_core.shell:create_environment_hook('explore_lite_msgs', 'cmake_prefix_path')
[0.931s] INFO:colcon.colcon_core.shell:Creating environment hook '/home/naiwu/xxu_2026/xxu_nav_2026/install/explore_lite_msgs/share/explore_lite_msgs/hook/cmake_prefix_path.ps1'
[0.932s] INFO:colcon.colcon_core.shell:Creating environment descriptor '/home/naiwu/xxu_2026/xxu_nav_2026/install/explore_lite_msgs/share/explore_lite_msgs/hook/cmake_prefix_path.dsv'
[0.932s] INFO:colcon.colcon_core.shell:Creating environment hook '/home/naiwu/xxu_2026/xxu_nav_2026/install/explore_lite_msgs/share/explore_lite_msgs/hook/cmake_prefix_path.sh'
[0.932s] Level 1:colcon.colcon_core.environment:checking '/home/naiwu/xxu_2026/xxu_nav_2026/install/explore_lite_msgs/lib'
[0.932s] Level 1:colcon.colcon_core.shell:create_environment_hook('explore_lite_msgs', 'ld_library_path_lib')
[0.932s] INFO:colcon.colcon_core.shell:Creating environment hook '/home/naiwu/xxu_2026/xxu_nav_2026/install/explore_lite_msgs/share/explore_lite_msgs/hook/ld_library_path_lib.ps1'
[0.932s] INFO:colcon.colcon_core.shell:Creating environment descriptor '/home/naiwu/xxu_2026/xxu_nav_2026/install/explore_lite_msgs/share/explore_lite_msgs/hook/ld_library_path_lib.dsv'
[0.933s] INFO:colcon.colcon_core.shell:Creating environment hook '/home/naiwu/xxu_2026/xxu_nav_2026/install/explore_lite_msgs/share/explore_lite_msgs/hook/ld_library_path_lib.sh'
[0.933s] Level 1:colcon.colcon_core.environment:checking '/home/naiwu/xxu_2026/xxu_nav_2026/install/explore_lite_msgs/bin'
[0.933s] Level 1:colcon.colcon_core.environment:checking '/home/naiwu/xxu_2026/xxu_nav_2026/install/explore_lite_msgs/lib/pkgconfig/explore_lite_msgs.pc'
[0.933s] Level 1:colcon.colcon_core.environment:checking '/home/naiwu/xxu_2026/xxu_nav_2026/install/explore_lite_msgs/lib/python3.12/site-packages'
[0.933s] Level 1:colcon.colcon_core.shell:create_environment_hook('explore_lite_msgs', 'pythonpath')
[0.933s] INFO:colcon.colcon_core.shell:Creating environment hook '/home/naiwu/xxu_2026/xxu_nav_2026/install/explore_lite_msgs/share/explore_lite_msgs/hook/pythonpath.ps1'
[0.933s] INFO:colcon.colcon_core.shell:Creating environment descriptor '/home/naiwu/xxu_2026/xxu_nav_2026/install/explore_lite_msgs/share/explore_lite_msgs/hook/pythonpath.dsv'
[0.933s] INFO:colcon.colcon_core.shell:Creating environment hook '/home/naiwu/xxu_2026/xxu_nav_2026/install/explore_lite_msgs/share/explore_lite_msgs/hook/pythonpath.sh'
[0.934s] Level 1:colcon.colcon_core.environment:checking '/home/naiwu/xxu_2026/xxu_nav_2026/install/explore_lite_msgs/bin'
[0.934s] INFO:colcon.colcon_core.shell:Creating package script '/home/naiwu/xxu_2026/xxu_nav_2026/install/explore_lite_msgs/share/explore_lite_msgs/package.ps1'
[0.934s] INFO:colcon.colcon_core.shell:Creating package descriptor '/home/naiwu/xxu_2026/xxu_nav_2026/install/explore_lite_msgs/share/explore_lite_msgs/package.dsv'
[0.935s] INFO:colcon.colcon_core.shell:Creating package script '/home/naiwu/xxu_2026/xxu_nav_2026/install/explore_lite_msgs/share/explore_lite_msgs/package.sh'
[0.935s] INFO:colcon.colcon_core.shell:Creating package script '/home/naiwu/xxu_2026/xxu_nav_2026/install/explore_lite_msgs/share/explore_lite_msgs/package.bash'
[0.935s] INFO:colcon.colcon_core.shell:Creating package script '/home/naiwu/xxu_2026/xxu_nav_2026/install/explore_lite_msgs/share/explore_lite_msgs/package.zsh'
[0.935s] Level 1:colcon.colcon_core.environment:create_file_with_runtime_dependencies(/home/naiwu/xxu_2026/xxu_nav_2026/install/explore_lite_msgs/share/colcon-core/packages/explore_lite_msgs)
[0.936s] INFO:colcon.colcon_ros.task.ament_cmake.build:Building ROS package in '/home/naiwu/xxu_2026/xxu_nav_2026/src/m-explore-ros2/explore' with build type 'ament_cmake'
[0.936s] INFO:colcon.colcon_cmake.task.cmake.build:Building CMake package in '/home/naiwu/xxu_2026/xxu_nav_2026/src/m-explore-ros2/explore'
[0.936s] INFO:colcon.colcon_core.shell:Skip shell extension 'powershell' for command environment: Not usable outside of PowerShell
[0.936s] DEBUG:colcon.colcon_core.shell:Skip shell extension 'dsv' for command environment
[0.948s] DEBUG:colcon.colcon_core.event_handler.log_command:Invoking command in '/home/naiwu/xxu_2026/xxu_nav_2026/build/explore_lite': AMENT_PREFIX_PATH=/home/naiwu/xxu_2026/xxu_nav_2026/install/explore_lite_msgs:${AMENT_PREFIX_PATH} CMAKE_PREFIX_PATH=/home/naiwu/xxu_2026/xxu_nav_2026/install/explore_lite_msgs:/opt/ros/jazzy/opt/gz_sim_vendor:/opt/ros/jazzy/opt/gz_sensors_vendor:/opt/ros/jazzy/opt/gz_physics_vendor:/opt/ros/jazzy/opt/sdformat_vendor:/opt/ros/jazzy/opt/gz_gui_vendor:/opt/ros/jazzy/opt/gz_transport_vendor:/opt/ros/jazzy/opt/gz_rendering_vendor:/opt/ros/jazzy/opt/gz_plugin_vendor:/opt/ros/jazzy/opt/gz_fuel_tools_vendor:/opt/ros/jazzy/opt/gz_msgs_vendor:/opt/ros/jazzy/opt/gz_common_vendor:/opt/ros/jazzy/opt/gz_math_vendor:/opt/ros/jazzy/opt/gz_utils_vendor:/opt/ros/jazzy/opt/gz_tools_vendor:/opt/ros/jazzy/opt/gz_ogre_next_vendor:/opt/ros/jazzy/opt/gz_dartsim_vendor:/opt/ros/jazzy/opt/gz_cmake_vendor:/opt/ros/jazzy DEBUGINFOD_URLS=https://debuginfod.ubuntu.com LD_LIBRARY_PATH=/home/naiwu/xxu_2026/xxu_nav_2026/install/explore_lite_msgs/lib:${LD_LIBRARY_PATH} PYTHONPATH=/home/naiwu/xxu_2026/xxu_nav_2026/install/explore_lite_msgs/lib/python3.12/site-packages:${PYTHONPATH} /usr/bin/cmake /home/naiwu/xxu_2026/xxu_nav_2026/src/m-explore-ros2/explore -DAMENT_CMAKE_SYMLINK_INSTALL=1 -DCMAKE_INSTALL_PREFIX=/home/naiwu/xxu_2026/xxu_nav_2026/install/explore_lite
[0.961s] DEBUG:colcon.colcon_core.event_handler.log_command:Invoked command in '/home/naiwu/xxu_2026/xxu_nav_2026/build/multirobot_map_merge' returned '0': CMAKE_PREFIX_PATH=${CMAKE_PREFIX_PATH}:/opt/ros/jazzy DEBUGINFOD_URLS=https://debuginfod.ubuntu.com /usr/bin/cmake --build /home/naiwu/xxu_2026/xxu_nav_2026/build/multirobot_map_merge -- -j24 -l24
[0.961s] DEBUG:colcon.colcon_core.event_handler.log_command:Invoking command in '/home/naiwu/xxu_2026/xxu_nav_2026/build/multirobot_map_merge': CMAKE_PREFIX_PATH=${CMAKE_PREFIX_PATH}:/opt/ros/jazzy DEBUGINFOD_URLS=https://debuginfod.ubuntu.com /usr/bin/cmake --install /home/naiwu/xxu_2026/xxu_nav_2026/build/multirobot_map_merge
[1.203s] Level 1:colcon.colcon_core.environment:create_environment_scripts_only(multirobot_map_merge)
[1.204s] Level 1:colcon.colcon_core.environment:checking '/home/naiwu/xxu_2026/xxu_nav_2026/install/multirobot_map_merge' for CMake module files
[1.204s] DEBUG:colcon.colcon_core.event_handler.log_command:Invoked command in '/home/naiwu/xxu_2026/xxu_nav_2026/build/multirobot_map_merge' returned '0': CMAKE_PREFIX_PATH=${CMAKE_PREFIX_PATH}:/opt/ros/jazzy DEBUGINFOD_URLS=https://debuginfod.ubuntu.com /usr/bin/cmake --install /home/naiwu/xxu_2026/xxu_nav_2026/build/multirobot_map_merge
[1.204s] Level 1:colcon.colcon_core.environment:checking '/home/naiwu/xxu_2026/xxu_nav_2026/install/multirobot_map_merge' for CMake config files
[1.204s] Level 1:colcon.colcon_core.shell:create_environment_hook('multirobot_map_merge', 'cmake_prefix_path')
[1.204s] INFO:colcon.colcon_core.shell:Creating environment hook '/home/naiwu/xxu_2026/xxu_nav_2026/install/multirobot_map_merge/share/multirobot_map_merge/hook/cmake_prefix_path.ps1'
[1.205s] INFO:colcon.colcon_core.shell:Creating environment descriptor '/home/naiwu/xxu_2026/xxu_nav_2026/install/multirobot_map_merge/share/multirobot_map_merge/hook/cmake_prefix_path.dsv'
[1.205s] INFO:colcon.colcon_core.shell:Creating environment hook '/home/naiwu/xxu_2026/xxu_nav_2026/install/multirobot_map_merge/share/multirobot_map_merge/hook/cmake_prefix_path.sh'
[1.205s] Level 1:colcon.colcon_core.environment:checking '/home/naiwu/xxu_2026/xxu_nav_2026/install/multirobot_map_merge/lib'
[1.205s] Level 1:colcon.colcon_core.environment:checking '/home/naiwu/xxu_2026/xxu_nav_2026/install/multirobot_map_merge/bin'
[1.205s] Level 1:colcon.colcon_core.environment:checking '/home/naiwu/xxu_2026/xxu_nav_2026/install/multirobot_map_merge/lib/pkgconfig/multirobot_map_merge.pc'
[1.205s] Level 1:colcon.colcon_core.environment:checking '/home/naiwu/xxu_2026/xxu_nav_2026/install/multirobot_map_merge/lib/python3.12/site-packages'
[1.206s] Level 1:colcon.colcon_core.environment:checking '/home/naiwu/xxu_2026/xxu_nav_2026/install/multirobot_map_merge/bin'
[1.206s] INFO:colcon.colcon_core.shell:Creating package script '/home/naiwu/xxu_2026/xxu_nav_2026/install/multirobot_map_merge/share/multirobot_map_merge/package.ps1'
[1.206s] INFO:colcon.colcon_core.shell:Creating package descriptor '/home/naiwu/xxu_2026/xxu_nav_2026/install/multirobot_map_merge/share/multirobot_map_merge/package.dsv'
[1.206s] INFO:colcon.colcon_core.shell:Creating package script '/home/naiwu/xxu_2026/xxu_nav_2026/install/multirobot_map_merge/share/multirobot_map_merge/package.sh'
[1.206s] INFO:colcon.colcon_core.shell:Creating package script '/home/naiwu/xxu_2026/xxu_nav_2026/install/multirobot_map_merge/share/multirobot_map_merge/package.bash'
[1.207s] INFO:colcon.colcon_core.shell:Creating package script '/home/naiwu/xxu_2026/xxu_nav_2026/install/multirobot_map_merge/share/multirobot_map_merge/package.zsh'
[1.207s] Level 1:colcon.colcon_core.environment:create_file_with_runtime_dependencies(/home/naiwu/xxu_2026/xxu_nav_2026/install/multirobot_map_merge/share/colcon-core/packages/multirobot_map_merge)
[1.207s] Level 1:colcon.colcon_core.environment:create_environment_scripts_only(multirobot_map_merge)
[1.207s] Level 1:colcon.colcon_core.environment:checking '/home/naiwu/xxu_2026/xxu_nav_2026/install/multirobot_map_merge' for CMake module files
[1.207s] Level 1:colcon.colcon_core.environment:checking '/home/naiwu/xxu_2026/xxu_nav_2026/install/multirobot_map_merge' for CMake config files
[1.207s] Level 1:colcon.colcon_core.shell:create_environment_hook('multirobot_map_merge', 'cmake_prefix_path')
[1.207s] INFO:colcon.colcon_core.shell:Creating environment hook '/home/naiwu/xxu_2026/xxu_nav_2026/install/multirobot_map_merge/share/multirobot_map_merge/hook/cmake_prefix_path.ps1'
[1.208s] INFO:colcon.colcon_core.shell:Creating environment descriptor '/home/naiwu/xxu_2026/xxu_nav_2026/install/multirobot_map_merge/share/multirobot_map_merge/hook/cmake_prefix_path.dsv'
[1.208s] INFO:colcon.colcon_core.shell:Creating environment hook '/home/naiwu/xxu_2026/xxu_nav_2026/install/multirobot_map_merge/share/multirobot_map_merge/hook/cmake_prefix_path.sh'
[1.208s] Level 1:colcon.colcon_core.environment:checking '/home/naiwu/xxu_2026/xxu_nav_2026/install/multirobot_map_merge/lib'
[1.208s] Level 1:colcon.colcon_core.environment:checking '/home/naiwu/xxu_2026/xxu_nav_2026/install/multirobot_map_merge/bin'
[1.208s] Level 1:colcon.colcon_core.environment:checking '/home/naiwu/xxu_2026/xxu_nav_2026/install/multirobot_map_merge/lib/pkgconfig/multirobot_map_merge.pc'
[1.208s] Level 1:colcon.colcon_core.environment:checking '/home/naiwu/xxu_2026/xxu_nav_2026/install/multirobot_map_merge/lib/python3.12/site-packages'
[1.209s] Level 1:colcon.colcon_core.environment:checking '/home/naiwu/xxu_2026/xxu_nav_2026/install/multirobot_map_merge/bin'
[1.209s] INFO:colcon.colcon_core.shell:Creating package script '/home/naiwu/xxu_2026/xxu_nav_2026/install/multirobot_map_merge/share/multirobot_map_merge/package.ps1'
[1.209s] INFO:colcon.colcon_core.shell:Creating package descriptor '/home/naiwu/xxu_2026/xxu_nav_2026/install/multirobot_map_merge/share/multirobot_map_merge/package.dsv'
[1.209s] INFO:colcon.colcon_core.shell:Creating package script '/home/naiwu/xxu_2026/xxu_nav_2026/install/multirobot_map_merge/share/multirobot_map_merge/package.sh'
[1.209s] INFO:colcon.colcon_core.shell:Creating package script '/home/naiwu/xxu_2026/xxu_nav_2026/install/multirobot_map_merge/share/multirobot_map_merge/package.bash'
[1.210s] INFO:colcon.colcon_core.shell:Creating package script '/home/naiwu/xxu_2026/xxu_nav_2026/install/multirobot_map_merge/share/multirobot_map_merge/package.zsh'
[1.210s] Level 1:colcon.colcon_core.environment:create_file_with_runtime_dependencies(/home/naiwu/xxu_2026/xxu_nav_2026/install/multirobot_map_merge/share/colcon-core/packages/multirobot_map_merge)
[1.489s] DEBUG:colcon.colcon_core.event_handler.log_command:Invoked command in '/home/naiwu/xxu_2026/xxu_nav_2026/build/xxu_livox_sim' returned '0': CMAKE_PREFIX_PATH=${CMAKE_PREFIX_PATH}:/opt/ros/jazzy DEBUGINFOD_URLS=https://debuginfod.ubuntu.com /usr/bin/cmake /home/naiwu/xxu_2026/xxu_nav_2026/src/xxu_livox_sim -DAMENT_CMAKE_SYMLINK_INSTALL=1 -DCMAKE_INSTALL_PREFIX=/home/naiwu/xxu_2026/xxu_nav_2026/install/xxu_livox_sim
[1.490s] DEBUG:colcon.colcon_core.event_handler.log_command:Invoking command in '/home/naiwu/xxu_2026/xxu_nav_2026/build/xxu_livox_sim': CMAKE_PREFIX_PATH=${CMAKE_PREFIX_PATH}:/opt/ros/jazzy DEBUGINFOD_URLS=https://debuginfod.ubuntu.com /usr/bin/cmake --build /home/naiwu/xxu_2026/xxu_nav_2026/build/xxu_livox_sim -- -j24 -l24
[1.549s] DEBUG:colcon.colcon_core.event_handler.log_command:Invoked command in '/home/naiwu/xxu_2026/xxu_nav_2026/build/xxu_livox_sim' returned '0': CMAKE_PREFIX_PATH=${CMAKE_PREFIX_PATH}:/opt/ros/jazzy DEBUGINFOD_URLS=https://debuginfod.ubuntu.com /usr/bin/cmake --build /home/naiwu/xxu_2026/xxu_nav_2026/build/xxu_livox_sim -- -j24 -l24
[1.550s] DEBUG:colcon.colcon_core.event_handler.log_command:Invoking command in '/home/naiwu/xxu_2026/xxu_nav_2026/build/xxu_livox_sim': CMAKE_PREFIX_PATH=${CMAKE_PREFIX_PATH}:/opt/ros/jazzy DEBUGINFOD_URLS=https://debuginfod.ubuntu.com /usr/bin/cmake --install /home/naiwu/xxu_2026/xxu_nav_2026/build/xxu_livox_sim
[1.557s] DEBUG:colcon.colcon_core.event_handler.log_command:Invoked command in '/home/naiwu/xxu_2026/xxu_nav_2026/build/pointcloud_to_laserscan' returned '0': CMAKE_PREFIX_PATH=${CMAKE_PREFIX_PATH}:/opt/ros/jazzy DEBUGINFOD_URLS=https://debuginfod.ubuntu.com /usr/bin/cmake --build /home/naiwu/xxu_2026/xxu_nav_2026/build/pointcloud_to_laserscan -- -j24 -l24
[1.557s] DEBUG:colcon.colcon_core.event_handler.log_command:Invoking command in '/home/naiwu/xxu_2026/xxu_nav_2026/build/pointcloud_to_laserscan': CMAKE_PREFIX_PATH=${CMAKE_PREFIX_PATH}:/opt/ros/jazzy DEBUGINFOD_URLS=https://debuginfod.ubuntu.com /usr/bin/cmake --install /home/naiwu/xxu_2026/xxu_nav_2026/build/pointcloud_to_laserscan
[1.565s] Level 1:colcon.colcon_core.environment:create_environment_scripts_only(xxu_livox_sim)
[1.565s] Level 1:colcon.colcon_core.environment:checking '/home/naiwu/xxu_2026/xxu_nav_2026/install/xxu_livox_sim' for CMake module files
[1.565s] DEBUG:colcon.colcon_core.event_handler.log_command:Invoked command in '/home/naiwu/xxu_2026/xxu_nav_2026/build/xxu_livox_sim' returned '0': CMAKE_PREFIX_PATH=${CMAKE_PREFIX_PATH}:/opt/ros/jazzy DEBUGINFOD_URLS=https://debuginfod.ubuntu.com /usr/bin/cmake --install /home/naiwu/xxu_2026/xxu_nav_2026/build/xxu_livox_sim
[1.565s] Level 1:colcon.colcon_core.environment:checking '/home/naiwu/xxu_2026/xxu_nav_2026/install/xxu_livox_sim' for CMake config files
[1.566s] Level 1:colcon.colcon_core.shell:create_environment_hook('xxu_livox_sim', 'cmake_prefix_path')
[1.566s] INFO:colcon.colcon_core.shell:Creating environment hook '/home/naiwu/xxu_2026/xxu_nav_2026/install/xxu_livox_sim/share/xxu_livox_sim/hook/cmake_prefix_path.ps1'
[1.566s] INFO:colcon.colcon_core.shell:Creating environment descriptor '/home/naiwu/xxu_2026/xxu_nav_2026/install/xxu_livox_sim/share/xxu_livox_sim/hook/cmake_prefix_path.dsv'
[1.566s] INFO:colcon.colcon_core.shell:Creating environment hook '/home/naiwu/xxu_2026/xxu_nav_2026/install/xxu_livox_sim/share/xxu_livox_sim/hook/cmake_prefix_path.sh'
[1.566s] Level 1:colcon.colcon_core.environment:checking '/home/naiwu/xxu_2026/xxu_nav_2026/install/xxu_livox_sim/lib'
[1.566s] Level 1:colcon.colcon_core.environment:checking '/home/naiwu/xxu_2026/xxu_nav_2026/install/xxu_livox_sim/bin'
[1.566s] Level 1:colcon.colcon_core.environment:checking '/home/naiwu/xxu_2026/xxu_nav_2026/install/xxu_livox_sim/lib/pkgconfig/xxu_livox_sim.pc'
[1.567s] Level 1:colcon.colcon_core.environment:checking '/home/naiwu/xxu_2026/xxu_nav_2026/install/xxu_livox_sim/lib/python3.12/site-packages'
[1.567s] Level 1:colcon.colcon_core.environment:checking '/home/naiwu/xxu_2026/xxu_nav_2026/install/xxu_livox_sim/bin'
[1.567s] INFO:colcon.colcon_core.shell:Creating package script '/home/naiwu/xxu_2026/xxu_nav_2026/install/xxu_livox_sim/share/xxu_livox_sim/package.ps1'
[1.567s] INFO:colcon.colcon_core.shell:Creating package descriptor '/home/naiwu/xxu_2026/xxu_nav_2026/install/xxu_livox_sim/share/xxu_livox_sim/package.dsv'
[1.567s] INFO:colcon.colcon_core.shell:Creating package script '/home/naiwu/xxu_2026/xxu_nav_2026/install/xxu_livox_sim/share/xxu_livox_sim/package.sh'
[1.567s] INFO:colcon.colcon_core.shell:Creating package script '/home/naiwu/xxu_2026/xxu_nav_2026/install/xxu_livox_sim/share/xxu_livox_sim/package.bash'
[1.568s] INFO:colcon.colcon_core.shell:Creating package script '/home/naiwu/xxu_2026/xxu_nav_2026/install/xxu_livox_sim/share/xxu_livox_sim/package.zsh'
[1.568s] Level 1:colcon.colcon_core.environment:create_file_with_runtime_dependencies(/home/naiwu/xxu_2026/xxu_nav_2026/install/xxu_livox_sim/share/colcon-core/packages/xxu_livox_sim)
[1.568s] Level 1:colcon.colcon_core.environment:create_environment_scripts_only(xxu_livox_sim)
[1.568s] Level 1:colcon.colcon_core.environment:checking '/home/naiwu/xxu_2026/xxu_nav_2026/install/xxu_livox_sim' for CMake module files
[1.568s] Level 1:colcon.colcon_core.environment:checking '/home/naiwu/xxu_2026/xxu_nav_2026/install/xxu_livox_sim' for CMake config files
[1.569s] Level 1:colcon.colcon_core.shell:create_environment_hook('xxu_livox_sim', 'cmake_prefix_path')
[1.569s] INFO:colcon.colcon_core.shell:Creating environment hook '/home/naiwu/xxu_2026/xxu_nav_2026/install/xxu_livox_sim/share/xxu_livox_sim/hook/cmake_prefix_path.ps1'
[1.569s] INFO:colcon.colcon_core.shell:Creating environment descriptor '/home/naiwu/xxu_2026/xxu_nav_2026/install/xxu_livox_sim/share/xxu_livox_sim/hook/cmake_prefix_path.dsv'
[1.569s] INFO:colcon.colcon_core.shell:Creating environment hook '/home/naiwu/xxu_2026/xxu_nav_2026/install/xxu_livox_sim/share/xxu_livox_sim/hook/cmake_prefix_path.sh'
[1.569s] Level 1:colcon.colcon_core.environment:checking '/home/naiwu/xxu_2026/xxu_nav_2026/install/xxu_livox_sim/lib'
[1.569s] Level 1:colcon.colcon_core.environment:checking '/home/naiwu/xxu_2026/xxu_nav_2026/install/xxu_livox_sim/bin'
[1.569s] Level 1:colcon.colcon_core.environment:checking '/home/naiwu/xxu_2026/xxu_nav_2026/install/xxu_livox_sim/lib/pkgconfig/xxu_livox_sim.pc'
[1.569s] Level 1:colcon.colcon_core.environment:checking '/home/naiwu/xxu_2026/xxu_nav_2026/install/xxu_livox_sim/lib/python3.12/site-packages'
[1.570s] Level 1:colcon.colcon_core.environment:checking '/home/naiwu/xxu_2026/xxu_nav_2026/install/xxu_livox_sim/bin'
[1.570s] INFO:colcon.colcon_core.shell:Creating package script '/home/naiwu/xxu_2026/xxu_nav_2026/install/xxu_livox_sim/share/xxu_livox_sim/package.ps1'
[1.570s] INFO:colcon.colcon_core.shell:Creating package descriptor '/home/naiwu/xxu_2026/xxu_nav_2026/install/xxu_livox_sim/share/xxu_livox_sim/package.dsv'
[1.570s] INFO:colcon.colcon_core.shell:Creating package script '/home/naiwu/xxu_2026/xxu_nav_2026/install/xxu_livox_sim/share/xxu_livox_sim/package.sh'
[1.570s] INFO:colcon.colcon_core.shell:Creating package script '/home/naiwu/xxu_2026/xxu_nav_2026/install/xxu_livox_sim/share/xxu_livox_sim/package.bash'
[1.570s] INFO:colcon.colcon_core.shell:Creating package script '/home/naiwu/xxu_2026/xxu_nav_2026/install/xxu_livox_sim/share/xxu_livox_sim/package.zsh'
[1.571s] Level 1:colcon.colcon_core.environment:create_file_with_runtime_dependencies(/home/naiwu/xxu_2026/xxu_nav_2026/install/xxu_livox_sim/share/colcon-core/packages/xxu_livox_sim)
[1.746s] DEBUG:colcon.colcon_core.event_handler.log_command:Invoked command in '/home/naiwu/xxu_2026/xxu_nav_2026/build/explore_lite' returned '0': AMENT_PREFIX_PATH=/home/naiwu/xxu_2026/xxu_nav_2026/install/explore_lite_msgs:${AMENT_PREFIX_PATH} CMAKE_PREFIX_PATH=/home/naiwu/xxu_2026/xxu_nav_2026/install/explore_lite_msgs:/opt/ros/jazzy/opt/gz_sim_vendor:/opt/ros/jazzy/opt/gz_sensors_vendor:/opt/ros/jazzy/opt/gz_physics_vendor:/opt/ros/jazzy/opt/sdformat_vendor:/opt/ros/jazzy/opt/gz_gui_vendor:/opt/ros/jazzy/opt/gz_transport_vendor:/opt/ros/jazzy/opt/gz_rendering_vendor:/opt/ros/jazzy/opt/gz_plugin_vendor:/opt/ros/jazzy/opt/gz_fuel_tools_vendor:/opt/ros/jazzy/opt/gz_msgs_vendor:/opt/ros/jazzy/opt/gz_common_vendor:/opt/ros/jazzy/opt/gz_math_vendor:/opt/ros/jazzy/opt/gz_utils_vendor:/opt/ros/jazzy/opt/gz_tools_vendor:/opt/ros/jazzy/opt/gz_ogre_next_vendor:/opt/ros/jazzy/opt/gz_dartsim_vendor:/opt/ros/jazzy/opt/gz_cmake_vendor:/opt/ros/jazzy DEBUGINFOD_URLS=https://debuginfod.ubuntu.com LD_LIBRARY_PATH=/home/naiwu/xxu_2026/xxu_nav_2026/install/explore_lite_msgs/lib:${LD_LIBRARY_PATH} PYTHONPATH=/home/naiwu/xxu_2026/xxu_nav_2026/install/explore_lite_msgs/lib/python3.12/site-packages:${PYTHONPATH} /usr/bin/cmake /home/naiwu/xxu_2026/xxu_nav_2026/src/m-explore-ros2/explore -DAMENT_CMAKE_SYMLINK_INSTALL=1 -DCMAKE_INSTALL_PREFIX=/home/naiwu/xxu_2026/xxu_nav_2026/install/explore_lite
[1.747s] DEBUG:colcon.colcon_core.event_handler.log_command:Invoking command in '/home/naiwu/xxu_2026/xxu_nav_2026/build/explore_lite': AMENT_PREFIX_PATH=/home/naiwu/xxu_2026/xxu_nav_2026/install/explore_lite_msgs:${AMENT_PREFIX_PATH} CMAKE_PREFIX_PATH=/home/naiwu/xxu_2026/xxu_nav_2026/install/explore_lite_msgs:/opt/ros/jazzy/opt/gz_sim_vendor:/opt/ros/jazzy/opt/gz_sensors_vendor:/opt/ros/jazzy/opt/gz_physics_vendor:/opt/ros/jazzy/opt/sdformat_vendor:/opt/ros/jazzy/opt/gz_gui_vendor:/opt/ros/jazzy/opt/gz_transport_vendor:/opt/ros/jazzy/opt/gz_rendering_vendor:/opt/ros/jazzy/opt/gz_plugin_vendor:/opt/ros/jazzy/opt/gz_fuel_tools_vendor:/opt/ros/jazzy/opt/gz_msgs_vendor:/opt/ros/jazzy/opt/gz_common_vendor:/opt/ros/jazzy/opt/gz_math_vendor:/opt/ros/jazzy/opt/gz_utils_vendor:/opt/ros/jazzy/opt/gz_tools_vendor:/opt/ros/jazzy/opt/gz_ogre_next_vendor:/opt/ros/jazzy/opt/gz_dartsim_vendor:/opt/ros/jazzy/opt/gz_cmake_vendor:/opt/ros/jazzy DEBUGINFOD_URLS=https://debuginfod.ubuntu.com LD_LIBRARY_PATH=/home/naiwu/xxu_2026/xxu_nav_2026/install/explore_lite_msgs/lib:${LD_LIBRARY_PATH} PYTHONPATH=/home/naiwu/xxu_2026/xxu_nav_2026/install/explore_lite_msgs/lib/python3.12/site-packages:${PYTHONPATH} /usr/bin/cmake --build /home/naiwu/xxu_2026/xxu_nav_2026/build/explore_lite -- -j24 -l24
[1.756s] Level 1:colcon.colcon_core.environment:create_environment_scripts_only(pointcloud_to_laserscan)
[1.756s] Level 1:colcon.colcon_core.environment:checking '/home/naiwu/xxu_2026/xxu_nav_2026/install/pointcloud_to_laserscan' for CMake module files
[1.756s] DEBUG:colcon.colcon_core.event_handler.log_command:Invoked command in '/home/naiwu/xxu_2026/xxu_nav_2026/build/pointcloud_to_laserscan' returned '0': CMAKE_PREFIX_PATH=${CMAKE_PREFIX_PATH}:/opt/ros/jazzy DEBUGINFOD_URLS=https://debuginfod.ubuntu.com /usr/bin/cmake --install /home/naiwu/xxu_2026/xxu_nav_2026/build/pointcloud_to_laserscan
[1.756s] Level 1:colcon.colcon_core.environment:checking '/home/naiwu/xxu_2026/xxu_nav_2026/install/pointcloud_to_laserscan' for CMake config files
[1.757s] Level 1:colcon.colcon_core.shell:create_environment_hook('pointcloud_to_laserscan', 'cmake_prefix_path')
[1.757s] INFO:colcon.colcon_core.shell:Creating environment hook '/home/naiwu/xxu_2026/xxu_nav_2026/install/pointcloud_to_laserscan/share/pointcloud_to_laserscan/hook/cmake_prefix_path.ps1'
[1.757s] INFO:colcon.colcon_core.shell:Creating environment descriptor '/home/naiwu/xxu_2026/xxu_nav_2026/install/pointcloud_to_laserscan/share/pointcloud_to_laserscan/hook/cmake_prefix_path.dsv'
[1.757s] INFO:colcon.colcon_core.shell:Creating environment hook '/home/naiwu/xxu_2026/xxu_nav_2026/install/pointcloud_to_laserscan/share/pointcloud_to_laserscan/hook/cmake_prefix_path.sh'
[1.757s] Level 1:colcon.colcon_core.environment:checking '/home/naiwu/xxu_2026/xxu_nav_2026/install/pointcloud_to_laserscan/lib'
[1.757s] Level 1:colcon.colcon_core.shell:create_environment_hook('pointcloud_to_laserscan', 'ld_library_path_lib')
[1.757s] INFO:colcon.colcon_core.shell:Creating environment hook '/home/naiwu/xxu_2026/xxu_nav_2026/install/pointcloud_to_laserscan/share/pointcloud_to_laserscan/hook/ld_library_path_lib.ps1'
[1.758s] INFO:colcon.colcon_core.shell:Creating environment descriptor '/home/naiwu/xxu_2026/xxu_nav_2026/install/pointcloud_to_laserscan/share/pointcloud_to_laserscan/hook/ld_library_path_lib.dsv'
[1.758s] INFO:colcon.colcon_core.shell:Creating environment hook '/home/naiwu/xxu_2026/xxu_nav_2026/install/pointcloud_to_laserscan/share/pointcloud_to_laserscan/hook/ld_library_path_lib.sh'
[1.758s] Level 1:colcon.colcon_core.environment:checking '/home/naiwu/xxu_2026/xxu_nav_2026/install/pointcloud_to_laserscan/bin'
[1.758s] Level 1:colcon.colcon_core.environment:checking '/home/naiwu/xxu_2026/xxu_nav_2026/install/pointcloud_to_laserscan/lib/pkgconfig/pointcloud_to_laserscan.pc'
[1.758s] Level 1:colcon.colcon_core.environment:checking '/home/naiwu/xxu_2026/xxu_nav_2026/install/pointcloud_to_laserscan/lib/python3.12/site-packages'
[1.758s] Level 1:colcon.colcon_core.environment:checking '/home/naiwu/xxu_2026/xxu_nav_2026/install/pointcloud_to_laserscan/bin'
[1.758s] INFO:colcon.colcon_core.shell:Creating package script '/home/naiwu/xxu_2026/xxu_nav_2026/install/pointcloud_to_laserscan/share/pointcloud_to_laserscan/package.ps1'
[1.759s] INFO:colcon.colcon_core.shell:Creating package descriptor '/home/naiwu/xxu_2026/xxu_nav_2026/install/pointcloud_to_laserscan/share/pointcloud_to_laserscan/package.dsv'
[1.759s] INFO:colcon.colcon_core.shell:Creating package script '/home/naiwu/xxu_2026/xxu_nav_2026/install/pointcloud_to_laserscan/share/pointcloud_to_laserscan/package.sh'
[1.759s] INFO:colcon.colcon_core.shell:Creating package script '/home/naiwu/xxu_2026/xxu_nav_2026/install/pointcloud_to_laserscan/share/pointcloud_to_laserscan/package.bash'
[1.759s] INFO:colcon.colcon_core.shell:Creating package script '/home/naiwu/xxu_2026/xxu_nav_2026/install/pointcloud_to_laserscan/share/pointcloud_to_laserscan/package.zsh'
[1.759s] Level 1:colcon.colcon_core.environment:create_file_with_runtime_dependencies(/home/naiwu/xxu_2026/xxu_nav_2026/install/pointcloud_to_laserscan/share/colcon-core/packages/pointcloud_to_laserscan)
[1.760s] Level 1:colcon.colcon_core.environment:create_environment_scripts_only(pointcloud_to_laserscan)
[1.760s] Level 1:colcon.colcon_core.environment:checking '/home/naiwu/xxu_2026/xxu_nav_2026/install/pointcloud_to_laserscan' for CMake module files
[1.760s] Level 1:colcon.colcon_core.environment:checking '/home/naiwu/xxu_2026/xxu_nav_2026/install/pointcloud_to_laserscan' for CMake config files
[1.760s] Level 1:colcon.colcon_core.shell:create_environment_hook('pointcloud_to_laserscan', 'cmake_prefix_path')
[1.760s] INFO:colcon.colcon_core.shell:Creating environment hook '/home/naiwu/xxu_2026/xxu_nav_2026/install/pointcloud_to_laserscan/share/pointcloud_to_laserscan/hook/cmake_prefix_path.ps1'
[1.760s] INFO:colcon.colcon_core.shell:Creating environment descriptor '/home/naiwu/xxu_2026/xxu_nav_2026/install/pointcloud_to_laserscan/share/pointcloud_to_laserscan/hook/cmake_prefix_path.dsv'
[1.760s] INFO:colcon.colcon_core.shell:Creating environment hook '/home/naiwu/xxu_2026/xxu_nav_2026/install/pointcloud_to_laserscan/share/pointcloud_to_laserscan/hook/cmake_prefix_path.sh'
[1.761s] Level 1:colcon.colcon_core.environment:checking '/home/naiwu/xxu_2026/xxu_nav_2026/install/pointcloud_to_laserscan/lib'
[1.761s] Level 1:colcon.colcon_core.shell:create_environment_hook('pointcloud_to_laserscan', 'ld_library_path_lib')
[1.761s] INFO:colcon.colcon_core.shell:Creating environment hook '/home/naiwu/xxu_2026/xxu_nav_2026/install/pointcloud_to_laserscan/share/pointcloud_to_laserscan/hook/ld_library_path_lib.ps1'
[1.761s] INFO:colcon.colcon_core.shell:Creating environment descriptor '/home/naiwu/xxu_2026/xxu_nav_2026/install/pointcloud_to_laserscan/share/pointcloud_to_laserscan/hook/ld_library_path_lib.dsv'
[1.761s] INFO:colcon.colcon_core.shell:Creating environment hook '/home/naiwu/xxu_2026/xxu_nav_2026/install/pointcloud_to_laserscan/share/pointcloud_to_laserscan/hook/ld_library_path_lib.sh'
[1.761s] Level 1:colcon.colcon_core.environment:checking '/home/naiwu/xxu_2026/xxu_nav_2026/install/pointcloud_to_laserscan/bin'
[1.761s] Level 1:colcon.colcon_core.environment:checking '/home/naiwu/xxu_2026/xxu_nav_2026/install/pointcloud_to_laserscan/lib/pkgconfig/pointcloud_to_laserscan.pc'
[1.761s] Level 1:colcon.colcon_core.environment:checking '/home/naiwu/xxu_2026/xxu_nav_2026/install/pointcloud_to_laserscan/lib/python3.12/site-packages'
[1.762s] Level 1:colcon.colcon_core.environment:checking '/home/naiwu/xxu_2026/xxu_nav_2026/install/pointcloud_to_laserscan/bin'
[1.762s] INFO:colcon.colcon_core.shell:Creating package script '/home/naiwu/xxu_2026/xxu_nav_2026/install/pointcloud_to_laserscan/share/pointcloud_to_laserscan/package.ps1'
[1.762s] INFO:colcon.colcon_core.shell:Creating package descriptor '/home/naiwu/xxu_2026/xxu_nav_2026/install/pointcloud_to_laserscan/share/pointcloud_to_laserscan/package.dsv'
[1.762s] INFO:colcon.colcon_core.shell:Creating package script '/home/naiwu/xxu_2026/xxu_nav_2026/install/pointcloud_to_laserscan/share/pointcloud_to_laserscan/package.sh'
[1.762s] INFO:colcon.colcon_core.shell:Creating package script '/home/naiwu/xxu_2026/xxu_nav_2026/install/pointcloud_to_laserscan/share/pointcloud_to_laserscan/package.bash'
[1.762s] INFO:colcon.colcon_core.shell:Creating package script '/home/naiwu/xxu_2026/xxu_nav_2026/install/pointcloud_to_laserscan/share/pointcloud_to_laserscan/package.zsh'
[1.763s] Level 1:colcon.colcon_core.environment:create_file_with_runtime_dependencies(/home/naiwu/xxu_2026/xxu_nav_2026/install/pointcloud_to_laserscan/share/colcon-core/packages/pointcloud_to_laserscan)
[1.763s] INFO:colcon.colcon_ros.task.ament_cmake.build:Building ROS package in '/home/naiwu/xxu_2026/xxu_nav_2026/src/xxu_description' with build type 'ament_cmake'
[1.763s] INFO:colcon.colcon_cmake.task.cmake.build:Building CMake package in '/home/naiwu/xxu_2026/xxu_nav_2026/src/xxu_description'
[1.763s] INFO:colcon.colcon_core.shell:Skip shell extension 'powershell' for command environment: Not usable outside of PowerShell
[1.763s] DEBUG:colcon.colcon_core.shell:Skip shell extension 'dsv' for command environment
[1.773s] DEBUG:colcon.colcon_core.event_handler.log_command:Invoking command in '/home/naiwu/xxu_2026/xxu_nav_2026/build/xxu_description': AMENT_PREFIX_PATH=/home/naiwu/xxu_2026/xxu_nav_2026/install/xxu_pointcloud_processing:/home/naiwu/xxu_2026/xxu_nav_2026/install/xxu_livox_sim:/home/naiwu/xxu_2026/xxu_nav_2026/install/xxu_chassis_controller:/home/naiwu/xxu_2026/xxu_nav_2026/install/small_point_lio:/home/naiwu/xxu_2026/xxu_nav_2026/install/pointcloud_to_laserscan:${AMENT_PREFIX_PATH} CMAKE_PREFIX_PATH=/home/naiwu/xxu_2026/xxu_nav_2026/install/xxu_pointcloud_processing:/home/naiwu/xxu_2026/xxu_nav_2026/install/xxu_livox_sim:/home/naiwu/xxu_2026/xxu_nav_2026/install/xxu_chassis_controller:/home/naiwu/xxu_2026/xxu_nav_2026/install/small_point_lio:/home/naiwu/xxu_2026/xxu_nav_2026/install/pointcloud_to_laserscan:/opt/ros/jazzy/opt/gz_sim_vendor:/opt/ros/jazzy/opt/gz_sensors_vendor:/opt/ros/jazzy/opt/gz_physics_vendor:/opt/ros/jazzy/opt/sdformat_vendor:/opt/ros/jazzy/opt/gz_gui_vendor:/opt/ros/jazzy/opt/gz_transport_vendor:/opt/ros/jazzy/opt/gz_rendering_vendor:/opt/ros/jazzy/opt/gz_plugin_vendor:/opt/ros/jazzy/opt/gz_fuel_tools_vendor:/opt/ros/jazzy/opt/gz_msgs_vendor:/opt/ros/jazzy/opt/gz_common_vendor:/opt/ros/jazzy/opt/gz_math_vendor:/opt/ros/jazzy/opt/gz_utils_vendor:/opt/ros/jazzy/opt/gz_tools_vendor:/opt/ros/jazzy/opt/gz_ogre_next_vendor:/opt/ros/jazzy/opt/gz_dartsim_vendor:/opt/ros/jazzy/opt/gz_cmake_vendor:/opt/ros/jazzy DEBUGINFOD_URLS=https://debuginfod.ubuntu.com LD_LIBRARY_PATH=/home/naiwu/xxu_2026/xxu_nav_2026/install/small_point_lio/lib:/home/naiwu/xxu_2026/xxu_nav_2026/install/pointcloud_to_laserscan/lib:${LD_LIBRARY_PATH} /usr/bin/cmake --build /home/naiwu/xxu_2026/xxu_nav_2026/build/xxu_description -- -j24 -l24
[1.801s] DEBUG:colcon.colcon_core.event_handler.log_command:Invoked command in '/home/naiwu/xxu_2026/xxu_nav_2026/build/xxu_description' returned '0': AMENT_PREFIX_PATH=/home/naiwu/xxu_2026/xxu_nav_2026/install/xxu_pointcloud_processing:/home/naiwu/xxu_2026/xxu_nav_2026/install/xxu_livox_sim:/home/naiwu/xxu_2026/xxu_nav_2026/install/xxu_chassis_controller:/home/naiwu/xxu_2026/xxu_nav_2026/install/small_point_lio:/home/naiwu/xxu_2026/xxu_nav_2026/install/pointcloud_to_laserscan:${AMENT_PREFIX_PATH} CMAKE_PREFIX_PATH=/home/naiwu/xxu_2026/xxu_nav_2026/install/xxu_pointcloud_processing:/home/naiwu/xxu_2026/xxu_nav_2026/install/xxu_livox_sim:/home/naiwu/xxu_2026/xxu_nav_2026/install/xxu_chassis_controller:/home/naiwu/xxu_2026/xxu_nav_2026/install/small_point_lio:/home/naiwu/xxu_2026/xxu_nav_2026/install/pointcloud_to_laserscan:/opt/ros/jazzy/opt/gz_sim_vendor:/opt/ros/jazzy/opt/gz_sensors_vendor:/opt/ros/jazzy/opt/gz_physics_vendor:/opt/ros/jazzy/opt/sdformat_vendor:/opt/ros/jazzy/opt/gz_gui_vendor:/opt/ros/jazzy/opt/gz_transport_vendor:/opt/ros/jazzy/opt/gz_rendering_vendor:/opt/ros/jazzy/opt/gz_plugin_vendor:/opt/ros/jazzy/opt/gz_fuel_tools_vendor:/opt/ros/jazzy/opt/gz_msgs_vendor:/opt/ros/jazzy/opt/gz_common_vendor:/opt/ros/jazzy/opt/gz_math_vendor:/opt/ros/jazzy/opt/gz_utils_vendor:/opt/ros/jazzy/opt/gz_tools_vendor:/opt/ros/jazzy/opt/gz_ogre_next_vendor:/opt/ros/jazzy/opt/gz_dartsim_vendor:/opt/ros/jazzy/opt/gz_cmake_vendor:/opt/ros/jazzy DEBUGINFOD_URLS=https://debuginfod.ubuntu.com LD_LIBRARY_PATH=/home/naiwu/xxu_2026/xxu_nav_2026/install/small_point_lio/lib:/home/naiwu/xxu_2026/xxu_nav_2026/install/pointcloud_to_laserscan/lib:${LD_LIBRARY_PATH} /usr/bin/cmake --build /home/naiwu/xxu_2026/xxu_nav_2026/build/xxu_description -- -j24 -l24
[1.802s] DEBUG:colcon.colcon_core.event_handler.log_command:Invoking command in '/home/naiwu/xxu_2026/xxu_nav_2026/build/xxu_description': AMENT_PREFIX_PATH=/home/naiwu/xxu_2026/xxu_nav_2026/install/xxu_pointcloud_processing:/home/naiwu/xxu_2026/xxu_nav_2026/install/xxu_livox_sim:/home/naiwu/xxu_2026/xxu_nav_2026/install/xxu_chassis_controller:/home/naiwu/xxu_2026/xxu_nav_2026/install/small_point_lio:/home/naiwu/xxu_2026/xxu_nav_2026/install/pointcloud_to_laserscan:${AMENT_PREFIX_PATH} CMAKE_PREFIX_PATH=/home/naiwu/xxu_2026/xxu_nav_2026/install/xxu_pointcloud_processing:/home/naiwu/xxu_2026/xxu_nav_2026/install/xxu_livox_sim:/home/naiwu/xxu_2026/xxu_nav_2026/install/xxu_chassis_controller:/home/naiwu/xxu_2026/xxu_nav_2026/install/small_point_lio:/home/naiwu/xxu_2026/xxu_nav_2026/install/pointcloud_to_laserscan:/opt/ros/jazzy/opt/gz_sim_vendor:/opt/ros/jazzy/opt/gz_sensors_vendor:/opt/ros/jazzy/opt/gz_physics_vendor:/opt/ros/jazzy/opt/sdformat_vendor:/opt/ros/jazzy/opt/gz_gui_vendor:/opt/ros/jazzy/opt/gz_transport_vendor:/opt/ros/jazzy/opt/gz_rendering_vendor:/opt/ros/jazzy/opt/gz_plugin_vendor:/opt/ros/jazzy/opt/gz_fuel_tools_vendor:/opt/ros/jazzy/opt/gz_msgs_vendor:/opt/ros/jazzy/opt/gz_common_vendor:/opt/ros/jazzy/opt/gz_math_vendor:/opt/ros/jazzy/opt/gz_utils_vendor:/opt/ros/jazzy/opt/gz_tools_vendor:/opt/ros/jazzy/opt/gz_ogre_next_vendor:/opt/ros/jazzy/opt/gz_dartsim_vendor:/opt/ros/jazzy/opt/gz_cmake_vendor:/opt/ros/jazzy DEBUGINFOD_URLS=https://debuginfod.ubuntu.com LD_LIBRARY_PATH=/home/naiwu/xxu_2026/xxu_nav_2026/install/small_point_lio/lib:/home/naiwu/xxu_2026/xxu_nav_2026/install/pointcloud_to_laserscan/lib:${LD_LIBRARY_PATH} /usr/bin/cmake --install /home/naiwu/xxu_2026/xxu_nav_2026/build/xxu_description
[1.820s] Level 1:colcon.colcon_core.environment:create_environment_scripts_only(xxu_description)
[1.820s] Level 1:colcon.colcon_core.environment:checking '/home/naiwu/xxu_2026/xxu_nav_2026/install/xxu_description' for CMake module files
[1.820s] DEBUG:colcon.colcon_core.event_handler.log_command:Invoked command in '/home/naiwu/xxu_2026/xxu_nav_2026/build/xxu_description' returned '0': AMENT_PREFIX_PATH=/home/naiwu/xxu_2026/xxu_nav_2026/install/xxu_pointcloud_processing:/home/naiwu/xxu_2026/xxu_nav_2026/install/xxu_livox_sim:/home/naiwu/xxu_2026/xxu_nav_2026/install/xxu_chassis_controller:/home/naiwu/xxu_2026/xxu_nav_2026/install/small_point_lio:/home/naiwu/xxu_2026/xxu_nav_2026/install/pointcloud_to_laserscan:${AMENT_PREFIX_PATH} CMAKE_PREFIX_PATH=/home/naiwu/xxu_2026/xxu_nav_2026/install/xxu_pointcloud_processing:/home/naiwu/xxu_2026/xxu_nav_2026/install/xxu_livox_sim:/home/naiwu/xxu_2026/xxu_nav_2026/install/xxu_chassis_controller:/home/naiwu/xxu_2026/xxu_nav_2026/install/small_point_lio:/home/naiwu/xxu_2026/xxu_nav_2026/install/pointcloud_to_laserscan:/opt/ros/jazzy/opt/gz_sim_vendor:/opt/ros/jazzy/opt/gz_sensors_vendor:/opt/ros/jazzy/opt/gz_physics_vendor:/opt/ros/jazzy/opt/sdformat_vendor:/opt/ros/jazzy/opt/gz_gui_vendor:/opt/ros/jazzy/opt/gz_transport_vendor:/opt/ros/jazzy/opt/gz_rendering_vendor:/opt/ros/jazzy/opt/gz_plugin_vendor:/opt/ros/jazzy/opt/gz_fuel_tools_vendor:/opt/ros/jazzy/opt/gz_msgs_vendor:/opt/ros/jazzy/opt/gz_common_vendor:/opt/ros/jazzy/opt/gz_math_vendor:/opt/ros/jazzy/opt/gz_utils_vendor:/opt/ros/jazzy/opt/gz_tools_vendor:/opt/ros/jazzy/opt/gz_ogre_next_vendor:/opt/ros/jazzy/opt/gz_dartsim_vendor:/opt/ros/jazzy/opt/gz_cmake_vendor:/opt/ros/jazzy DEBUGINFOD_URLS=https://debuginfod.ubuntu.com LD_LIBRARY_PATH=/home/naiwu/xxu_2026/xxu_nav_2026/install/small_point_lio/lib:/home/naiwu/xxu_2026/xxu_nav_2026/install/pointcloud_to_laserscan/lib:${LD_LIBRARY_PATH} /usr/bin/cmake --install /home/naiwu/xxu_2026/xxu_nav_2026/build/xxu_description
[1.821s] Level 1:colcon.colcon_core.environment:checking '/home/naiwu/xxu_2026/xxu_nav_2026/install/xxu_description' for CMake config files
[1.821s] Level 1:colcon.colcon_core.shell:create_environment_hook('xxu_description', 'cmake_prefix_path')
[1.821s] INFO:colcon.colcon_core.shell:Creating environment hook '/home/naiwu/xxu_2026/xxu_nav_2026/install/xxu_description/share/xxu_description/hook/cmake_prefix_path.ps1'
[1.821s] INFO:colcon.colcon_core.shell:Creating environment descriptor '/home/naiwu/xxu_2026/xxu_nav_2026/install/xxu_description/share/xxu_description/hook/cmake_prefix_path.dsv'
[1.821s] INFO:colcon.colcon_core.shell:Creating environment hook '/home/naiwu/xxu_2026/xxu_nav_2026/install/xxu_description/share/xxu_description/hook/cmake_prefix_path.sh'
[1.821s] Level 1:colcon.colcon_core.environment:checking '/home/naiwu/xxu_2026/xxu_nav_2026/install/xxu_description/lib'
[1.822s] Level 1:colcon.colcon_core.environment:checking '/home/naiwu/xxu_2026/xxu_nav_2026/install/xxu_description/bin'
[1.822s] Level 1:colcon.colcon_core.environment:checking '/home/naiwu/xxu_2026/xxu_nav_2026/install/xxu_description/lib/pkgconfig/xxu_description.pc'
[1.822s] Level 1:colcon.colcon_core.environment:checking '/home/naiwu/xxu_2026/xxu_nav_2026/install/xxu_description/lib/python3.12/site-packages'
[1.822s] Level 1:colcon.colcon_core.environment:checking '/home/naiwu/xxu_2026/xxu_nav_2026/install/xxu_description/bin'
[1.822s] INFO:colcon.colcon_core.shell:Creating package script '/home/naiwu/xxu_2026/xxu_nav_2026/install/xxu_description/share/xxu_description/package.ps1'
[1.822s] INFO:colcon.colcon_core.shell:Creating package descriptor '/home/naiwu/xxu_2026/xxu_nav_2026/install/xxu_description/share/xxu_description/package.dsv'
[1.822s] INFO:colcon.colcon_core.shell:Creating package script '/home/naiwu/xxu_2026/xxu_nav_2026/install/xxu_description/share/xxu_description/package.sh'
[1.823s] INFO:colcon.colcon_core.shell:Creating package script '/home/naiwu/xxu_2026/xxu_nav_2026/install/xxu_description/share/xxu_description/package.bash'
[1.823s] INFO:colcon.colcon_core.shell:Creating package script '/home/naiwu/xxu_2026/xxu_nav_2026/install/xxu_description/share/xxu_description/package.zsh'
[1.823s] Level 1:colcon.colcon_core.environment:create_file_with_runtime_dependencies(/home/naiwu/xxu_2026/xxu_nav_2026/install/xxu_description/share/colcon-core/packages/xxu_description)
[1.823s] Level 1:colcon.colcon_core.environment:create_environment_scripts_only(xxu_description)
[1.823s] Level 1:colcon.colcon_core.environment:checking '/home/naiwu/xxu_2026/xxu_nav_2026/install/xxu_description' for CMake module files
[1.823s] Level 1:colcon.colcon_core.environment:checking '/home/naiwu/xxu_2026/xxu_nav_2026/install/xxu_description' for CMake config files
[1.823s] Level 1:colcon.colcon_core.shell:create_environment_hook('xxu_description', 'cmake_prefix_path')
[1.824s] INFO:colcon.colcon_core.shell:Creating environment hook '/home/naiwu/xxu_2026/xxu_nav_2026/install/xxu_description/share/xxu_description/hook/cmake_prefix_path.ps1'
[1.824s] INFO:colcon.colcon_core.shell:Creating environment descriptor '/home/naiwu/xxu_2026/xxu_nav_2026/install/xxu_description/share/xxu_description/hook/cmake_prefix_path.dsv'
[1.824s] INFO:colcon.colcon_core.shell:Creating environment hook '/home/naiwu/xxu_2026/xxu_nav_2026/install/xxu_description/share/xxu_description/hook/cmake_prefix_path.sh'
[1.824s] Level 1:colcon.colcon_core.environment:checking '/home/naiwu/xxu_2026/xxu_nav_2026/install/xxu_description/lib'
[1.824s] Level 1:colcon.colcon_core.environment:checking '/home/naiwu/xxu_2026/xxu_nav_2026/install/xxu_description/bin'
[1.824s] Level 1:colcon.colcon_core.environment:checking '/home/naiwu/xxu_2026/xxu_nav_2026/install/xxu_description/lib/pkgconfig/xxu_description.pc'
[1.824s] Level 1:colcon.colcon_core.environment:checking '/home/naiwu/xxu_2026/xxu_nav_2026/install/xxu_description/lib/python3.12/site-packages'
[1.824s] Level 1:colcon.colcon_core.environment:checking '/home/naiwu/xxu_2026/xxu_nav_2026/install/xxu_description/bin'
[1.825s] INFO:colcon.colcon_core.shell:Creating package script '/home/naiwu/xxu_2026/xxu_nav_2026/install/xxu_description/share/xxu_description/package.ps1'
[1.825s] INFO:colcon.colcon_core.shell:Creating package descriptor '/home/naiwu/xxu_2026/xxu_nav_2026/install/xxu_description/share/xxu_description/package.dsv'
[1.825s] INFO:colcon.colcon_core.shell:Creating package script '/home/naiwu/xxu_2026/xxu_nav_2026/install/xxu_description/share/xxu_description/package.sh'
[1.825s] INFO:colcon.colcon_core.shell:Creating package script '/home/naiwu/xxu_2026/xxu_nav_2026/install/xxu_description/share/xxu_description/package.bash'
[1.825s] INFO:colcon.colcon_core.shell:Creating package script '/home/naiwu/xxu_2026/xxu_nav_2026/install/xxu_description/share/xxu_description/package.zsh'
[1.825s] Level 1:colcon.colcon_core.environment:create_file_with_runtime_dependencies(/home/naiwu/xxu_2026/xxu_nav_2026/install/xxu_description/share/colcon-core/packages/xxu_description)
[2.270s] DEBUG:colcon.colcon_core.event_handler.log_command:Invoked command in '/home/naiwu/xxu_2026/xxu_nav_2026/build/explore_lite' returned '0': AMENT_PREFIX_PATH=/home/naiwu/xxu_2026/xxu_nav_2026/install/explore_lite_msgs:${AMENT_PREFIX_PATH} CMAKE_PREFIX_PATH=/home/naiwu/xxu_2026/xxu_nav_2026/install/explore_lite_msgs:/opt/ros/jazzy/opt/gz_sim_vendor:/opt/ros/jazzy/opt/gz_sensors_vendor:/opt/ros/jazzy/opt/gz_physics_vendor:/opt/ros/jazzy/opt/sdformat_vendor:/opt/ros/jazzy/opt/gz_gui_vendor:/opt/ros/jazzy/opt/gz_transport_vendor:/opt/ros/jazzy/opt/gz_rendering_vendor:/opt/ros/jazzy/opt/gz_plugin_vendor:/opt/ros/jazzy/opt/gz_fuel_tools_vendor:/opt/ros/jazzy/opt/gz_msgs_vendor:/opt/ros/jazzy/opt/gz_common_vendor:/opt/ros/jazzy/opt/gz_math_vendor:/opt/ros/jazzy/opt/gz_utils_vendor:/opt/ros/jazzy/opt/gz_tools_vendor:/opt/ros/jazzy/opt/gz_ogre_next_vendor:/opt/ros/jazzy/opt/gz_dartsim_vendor:/opt/ros/jazzy/opt/gz_cmake_vendor:/opt/ros/jazzy DEBUGINFOD_URLS=https://debuginfod.ubuntu.com LD_LIBRARY_PATH=/home/naiwu/xxu_2026/xxu_nav_2026/install/explore_lite_msgs/lib:${LD_LIBRARY_PATH} PYTHONPATH=/home/naiwu/xxu_2026/xxu_nav_2026/install/explore_lite_msgs/lib/python3.12/site-packages:${PYTHONPATH} /usr/bin/cmake --build /home/naiwu/xxu_2026/xxu_nav_2026/build/explore_lite -- -j24 -l24
[2.271s] DEBUG:colcon.colcon_core.event_handler.log_command:Invoking command in '/home/naiwu/xxu_2026/xxu_nav_2026/build/explore_lite': AMENT_PREFIX_PATH=/home/naiwu/xxu_2026/xxu_nav_2026/install/explore_lite_msgs:${AMENT_PREFIX_PATH} CMAKE_PREFIX_PATH=/home/naiwu/xxu_2026/xxu_nav_2026/install/explore_lite_msgs:/opt/ros/jazzy/opt/gz_sim_vendor:/opt/ros/jazzy/opt/gz_sensors_vendor:/opt/ros/jazzy/opt/gz_physics_vendor:/opt/ros/jazzy/opt/sdformat_vendor:/opt/ros/jazzy/opt/gz_gui_vendor:/opt/ros/jazzy/opt/gz_transport_vendor:/opt/ros/jazzy/opt/gz_rendering_vendor:/opt/ros/jazzy/opt/gz_plugin_vendor:/opt/ros/jazzy/opt/gz_fuel_tools_vendor:/opt/ros/jazzy/opt/gz_msgs_vendor:/opt/ros/jazzy/opt/gz_common_vendor:/opt/ros/jazzy/opt/gz_math_vendor:/opt/ros/jazzy/opt/gz_utils_vendor:/opt/ros/jazzy/opt/gz_tools_vendor:/opt/ros/jazzy/opt/gz_ogre_next_vendor:/opt/ros/jazzy/opt/gz_dartsim_vendor:/opt/ros/jazzy/opt/gz_cmake_vendor:/opt/ros/jazzy DEBUGINFOD_URLS=https://debuginfod.ubuntu.com LD_LIBRARY_PATH=/home/naiwu/xxu_2026/xxu_nav_2026/install/explore_lite_msgs/lib:${LD_LIBRARY_PATH} PYTHONPATH=/home/naiwu/xxu_2026/xxu_nav_2026/install/explore_lite_msgs/lib/python3.12/site-packages:${PYTHONPATH} /usr/bin/cmake --install /home/naiwu/xxu_2026/xxu_nav_2026/build/explore_lite
[2.423s] Level 1:colcon.colcon_core.environment:create_environment_scripts_only(explore_lite)
[2.423s] DEBUG:colcon.colcon_core.event_handler.log_command:Invoked command in '/home/naiwu/xxu_2026/xxu_nav_2026/build/explore_lite' returned '0': AMENT_PREFIX_PATH=/home/naiwu/xxu_2026/xxu_nav_2026/install/explore_lite_msgs:${AMENT_PREFIX_PATH} CMAKE_PREFIX_PATH=/home/naiwu/xxu_2026/xxu_nav_2026/install/explore_lite_msgs:/opt/ros/jazzy/opt/gz_sim_vendor:/opt/ros/jazzy/opt/gz_sensors_vendor:/opt/ros/jazzy/opt/gz_physics_vendor:/opt/ros/jazzy/opt/sdformat_vendor:/opt/ros/jazzy/opt/gz_gui_vendor:/opt/ros/jazzy/opt/gz_transport_vendor:/opt/ros/jazzy/opt/gz_rendering_vendor:/opt/ros/jazzy/opt/gz_plugin_vendor:/opt/ros/jazzy/opt/gz_fuel_tools_vendor:/opt/ros/jazzy/opt/gz_msgs_vendor:/opt/ros/jazzy/opt/gz_common_vendor:/opt/ros/jazzy/opt/gz_math_vendor:/opt/ros/jazzy/opt/gz_utils_vendor:/opt/ros/jazzy/opt/gz_tools_vendor:/opt/ros/jazzy/opt/gz_ogre_next_vendor:/opt/ros/jazzy/opt/gz_dartsim_vendor:/opt/ros/jazzy/opt/gz_cmake_vendor:/opt/ros/jazzy DEBUGINFOD_URLS=https://debuginfod.ubuntu.com LD_LIBRARY_PATH=/home/naiwu/xxu_2026/xxu_nav_2026/install/explore_lite_msgs/lib:${LD_LIBRARY_PATH} PYTHONPATH=/home/naiwu/xxu_2026/xxu_nav_2026/install/explore_lite_msgs/lib/python3.12/site-packages:${PYTHONPATH} /usr/bin/cmake --install /home/naiwu/xxu_2026/xxu_nav_2026/build/explore_lite
[2.423s] Level 1:colcon.colcon_core.environment:checking '/home/naiwu/xxu_2026/xxu_nav_2026/install/explore_lite' for CMake module files
[2.424s] Level 1:colcon.colcon_core.environment:checking '/home/naiwu/xxu_2026/xxu_nav_2026/install/explore_lite' for CMake config files
[2.424s] Level 1:colcon.colcon_core.shell:create_environment_hook('explore_lite', 'cmake_prefix_path')
[2.424s] INFO:colcon.colcon_core.shell:Creating environment hook '/home/naiwu/xxu_2026/xxu_nav_2026/install/explore_lite/share/explore_lite/hook/cmake_prefix_path.ps1'
[2.424s] INFO:colcon.colcon_core.shell:Creating environment descriptor '/home/naiwu/xxu_2026/xxu_nav_2026/install/explore_lite/share/explore_lite/hook/cmake_prefix_path.dsv'
[2.424s] INFO:colcon.colcon_core.shell:Creating environment hook '/home/naiwu/xxu_2026/xxu_nav_2026/install/explore_lite/share/explore_lite/hook/cmake_prefix_path.sh'
[2.425s] Level 1:colcon.colcon_core.environment:checking '/home/naiwu/xxu_2026/xxu_nav_2026/install/explore_lite/lib'
[2.425s] Level 1:colcon.colcon_core.environment:checking '/home/naiwu/xxu_2026/xxu_nav_2026/install/explore_lite/bin'
[2.425s] Level 1:colcon.colcon_core.environment:checking '/home/naiwu/xxu_2026/xxu_nav_2026/install/explore_lite/lib/pkgconfig/explore_lite.pc'
[2.425s] Level 1:colcon.colcon_core.environment:checking '/home/naiwu/xxu_2026/xxu_nav_2026/install/explore_lite/lib/python3.12/site-packages'
[2.425s] Level 1:colcon.colcon_core.environment:checking '/home/naiwu/xxu_2026/xxu_nav_2026/install/explore_lite/bin'
[2.425s] INFO:colcon.colcon_core.shell:Creating package script '/home/naiwu/xxu_2026/xxu_nav_2026/install/explore_lite/share/explore_lite/package.ps1'
[2.425s] INFO:colcon.colcon_core.shell:Creating package descriptor '/home/naiwu/xxu_2026/xxu_nav_2026/install/explore_lite/share/explore_lite/package.dsv'
[2.425s] INFO:colcon.colcon_core.shell:Creating package script '/home/naiwu/xxu_2026/xxu_nav_2026/install/explore_lite/share/explore_lite/package.sh'
[2.426s] INFO:colcon.colcon_core.shell:Creating package script '/home/naiwu/xxu_2026/xxu_nav_2026/install/explore_lite/share/explore_lite/package.bash'
[2.426s] INFO:colcon.colcon_core.shell:Creating package script '/home/naiwu/xxu_2026/xxu_nav_2026/install/explore_lite/share/explore_lite/package.zsh'
[2.426s] Level 1:colcon.colcon_core.environment:create_file_with_runtime_dependencies(/home/naiwu/xxu_2026/xxu_nav_2026/install/explore_lite/share/colcon-core/packages/explore_lite)
[2.426s] Level 1:colcon.colcon_core.environment:create_environment_scripts_only(explore_lite)
[2.426s] Level 1:colcon.colcon_core.environment:checking '/home/naiwu/xxu_2026/xxu_nav_2026/install/explore_lite' for CMake module files
[2.426s] Level 1:colcon.colcon_core.environment:checking '/home/naiwu/xxu_2026/xxu_nav_2026/install/explore_lite' for CMake config files
[2.426s] Level 1:colcon.colcon_core.shell:create_environment_hook('explore_lite', 'cmake_prefix_path')
[2.427s] INFO:colcon.colcon_core.shell:Creating environment hook '/home/naiwu/xxu_2026/xxu_nav_2026/install/explore_lite/share/explore_lite/hook/cmake_prefix_path.ps1'
[2.427s] INFO:colcon.colcon_core.shell:Creating environment descriptor '/home/naiwu/xxu_2026/xxu_nav_2026/install/explore_lite/share/explore_lite/hook/cmake_prefix_path.dsv'
[2.427s] INFO:colcon.colcon_core.shell:Creating environment hook '/home/naiwu/xxu_2026/xxu_nav_2026/install/explore_lite/share/explore_lite/hook/cmake_prefix_path.sh'
[2.427s] Level 1:colcon.colcon_core.environment:checking '/home/naiwu/xxu_2026/xxu_nav_2026/install/explore_lite/lib'
[2.427s] Level 1:colcon.colcon_core.environment:checking '/home/naiwu/xxu_2026/xxu_nav_2026/install/explore_lite/bin'
[2.427s] Level 1:colcon.colcon_core.environment:checking '/home/naiwu/xxu_2026/xxu_nav_2026/install/explore_lite/lib/pkgconfig/explore_lite.pc'
[2.427s] Level 1:colcon.colcon_core.environment:checking '/home/naiwu/xxu_2026/xxu_nav_2026/install/explore_lite/lib/python3.12/site-packages'
[2.427s] Level 1:colcon.colcon_core.environment:checking '/home/naiwu/xxu_2026/xxu_nav_2026/install/explore_lite/bin'
[2.427s] INFO:colcon.colcon_core.shell:Creating package script '/home/naiwu/xxu_2026/xxu_nav_2026/install/explore_lite/share/explore_lite/package.ps1'
[2.428s] INFO:colcon.colcon_core.shell:Creating package descriptor '/home/naiwu/xxu_2026/xxu_nav_2026/install/explore_lite/share/explore_lite/package.dsv'
[2.428s] INFO:colcon.colcon_core.shell:Creating package script '/home/naiwu/xxu_2026/xxu_nav_2026/install/explore_lite/share/explore_lite/package.sh'
[2.428s] INFO:colcon.colcon_core.shell:Creating package script '/home/naiwu/xxu_2026/xxu_nav_2026/install/explore_lite/share/explore_lite/package.bash'
[2.428s] INFO:colcon.colcon_core.shell:Creating package script '/home/naiwu/xxu_2026/xxu_nav_2026/install/explore_lite/share/explore_lite/package.zsh'
[2.428s] Level 1:colcon.colcon_core.environment:create_file_with_runtime_dependencies(/home/naiwu/xxu_2026/xxu_nav_2026/install/explore_lite/share/colcon-core/packages/explore_lite)
[2.428s] INFO:colcon.colcon_ros.task.ament_cmake.build:Building ROS package in '/home/naiwu/xxu_2026/xxu_nav_2026/src/xxu_slam_toolbox' with build type 'ament_cmake'
[2.429s] INFO:colcon.colcon_cmake.task.cmake.build:Building CMake package in '/home/naiwu/xxu_2026/xxu_nav_2026/src/xxu_slam_toolbox'
[2.429s] INFO:colcon.colcon_core.shell:Skip shell extension 'powershell' for command environment: Not usable outside of PowerShell
[2.429s] DEBUG:colcon.colcon_core.shell:Skip shell extension 'dsv' for command environment
[2.438s] DEBUG:colcon.colcon_core.event_handler.log_command:Invoking command in '/home/naiwu/xxu_2026/xxu_nav_2026/build/xxu_slam_toolbox': AMENT_PREFIX_PATH=/home/naiwu/xxu_2026/xxu_nav_2026/install/explore_lite:/home/naiwu/xxu_2026/xxu_nav_2026/install/explore_lite_msgs:${AMENT_PREFIX_PATH} CMAKE_PREFIX_PATH=/home/naiwu/xxu_2026/xxu_nav_2026/install/explore_lite:/home/naiwu/xxu_2026/xxu_nav_2026/install/explore_lite_msgs:/opt/ros/jazzy/opt/gz_sim_vendor:/opt/ros/jazzy/opt/gz_sensors_vendor:/opt/ros/jazzy/opt/gz_physics_vendor:/opt/ros/jazzy/opt/sdformat_vendor:/opt/ros/jazzy/opt/gz_gui_vendor:/opt/ros/jazzy/opt/gz_transport_vendor:/opt/ros/jazzy/opt/gz_rendering_vendor:/opt/ros/jazzy/opt/gz_plugin_vendor:/opt/ros/jazzy/opt/gz_fuel_tools_vendor:/opt/ros/jazzy/opt/gz_msgs_vendor:/opt/ros/jazzy/opt/gz_common_vendor:/opt/ros/jazzy/opt/gz_math_vendor:/opt/ros/jazzy/opt/gz_utils_vendor:/opt/ros/jazzy/opt/gz_tools_vendor:/opt/ros/jazzy/opt/gz_ogre_next_vendor:/opt/ros/jazzy/opt/gz_dartsim_vendor:/opt/ros/jazzy/opt/gz_cmake_vendor:/opt/ros/jazzy DEBUGINFOD_URLS=https://debuginfod.ubuntu.com LD_LIBRARY_PATH=/home/naiwu/xxu_2026/xxu_nav_2026/install/explore_lite_msgs/lib:${LD_LIBRARY_PATH} PYTHONPATH=/home/naiwu/xxu_2026/xxu_nav_2026/install/explore_lite_msgs/lib/python3.12/site-packages:${PYTHONPATH} /usr/bin/cmake /home/naiwu/xxu_2026/xxu_nav_2026/src/xxu_slam_toolbox -DAMENT_CMAKE_SYMLINK_INSTALL=1 -DCMAKE_INSTALL_PREFIX=/home/naiwu/xxu_2026/xxu_nav_2026/install/xxu_slam_toolbox
[2.646s] DEBUG:colcon.colcon_core.event_handler.log_command:Invoked command in '/home/naiwu/xxu_2026/xxu_nav_2026/build/xxu_slam_toolbox' returned '0': AMENT_PREFIX_PATH=/home/naiwu/xxu_2026/xxu_nav_2026/install/explore_lite:/home/naiwu/xxu_2026/xxu_nav_2026/install/explore_lite_msgs:${AMENT_PREFIX_PATH} CMAKE_PREFIX_PATH=/home/naiwu/xxu_2026/xxu_nav_2026/install/explore_lite:/home/naiwu/xxu_2026/xxu_nav_2026/install/explore_lite_msgs:/opt/ros/jazzy/opt/gz_sim_vendor:/opt/ros/jazzy/opt/gz_sensors_vendor:/opt/ros/jazzy/opt/gz_physics_vendor:/opt/ros/jazzy/opt/sdformat_vendor:/opt/ros/jazzy/opt/gz_gui_vendor:/opt/ros/jazzy/opt/gz_transport_vendor:/opt/ros/jazzy/opt/gz_rendering_vendor:/opt/ros/jazzy/opt/gz_plugin_vendor:/opt/ros/jazzy/opt/gz_fuel_tools_vendor:/opt/ros/jazzy/opt/gz_msgs_vendor:/opt/ros/jazzy/opt/gz_common_vendor:/opt/ros/jazzy/opt/gz_math_vendor:/opt/ros/jazzy/opt/gz_utils_vendor:/opt/ros/jazzy/opt/gz_tools_vendor:/opt/ros/jazzy/opt/gz_ogre_next_vendor:/opt/ros/jazzy/opt/gz_dartsim_vendor:/opt/ros/jazzy/opt/gz_cmake_vendor:/opt/ros/jazzy DEBUGINFOD_URLS=https://debuginfod.ubuntu.com LD_LIBRARY_PATH=/home/naiwu/xxu_2026/xxu_nav_2026/install/explore_lite_msgs/lib:${LD_LIBRARY_PATH} PYTHONPATH=/home/naiwu/xxu_2026/xxu_nav_2026/install/explore_lite_msgs/lib/python3.12/site-packages:${PYTHONPATH} /usr/bin/cmake /home/naiwu/xxu_2026/xxu_nav_2026/src/xxu_slam_toolbox -DAMENT_CMAKE_SYMLINK_INSTALL=1 -DCMAKE_INSTALL_PREFIX=/home/naiwu/xxu_2026/xxu_nav_2026/install/xxu_slam_toolbox
[2.647s] DEBUG:colcon.colcon_core.event_handler.log_command:Invoking command in '/home/naiwu/xxu_2026/xxu_nav_2026/build/xxu_slam_toolbox': AMENT_PREFIX_PATH=/home/naiwu/xxu_2026/xxu_nav_2026/install/explore_lite:/home/naiwu/xxu_2026/xxu_nav_2026/install/explore_lite_msgs:${AMENT_PREFIX_PATH} CMAKE_PREFIX_PATH=/home/naiwu/xxu_2026/xxu_nav_2026/install/explore_lite:/home/naiwu/xxu_2026/xxu_nav_2026/install/explore_lite_msgs:/opt/ros/jazzy/opt/gz_sim_vendor:/opt/ros/jazzy/opt/gz_sensors_vendor:/opt/ros/jazzy/opt/gz_physics_vendor:/opt/ros/jazzy/opt/sdformat_vendor:/opt/ros/jazzy/opt/gz_gui_vendor:/opt/ros/jazzy/opt/gz_transport_vendor:/opt/ros/jazzy/opt/gz_rendering_vendor:/opt/ros/jazzy/opt/gz_plugin_vendor:/opt/ros/jazzy/opt/gz_fuel_tools_vendor:/opt/ros/jazzy/opt/gz_msgs_vendor:/opt/ros/jazzy/opt/gz_common_vendor:/opt/ros/jazzy/opt/gz_math_vendor:/opt/ros/jazzy/opt/gz_utils_vendor:/opt/ros/jazzy/opt/gz_tools_vendor:/opt/ros/jazzy/opt/gz_ogre_next_vendor:/opt/ros/jazzy/opt/gz_dartsim_vendor:/opt/ros/jazzy/opt/gz_cmake_vendor:/opt/ros/jazzy DEBUGINFOD_URLS=https://debuginfod.ubuntu.com LD_LIBRARY_PATH=/home/naiwu/xxu_2026/xxu_nav_2026/install/explore_lite_msgs/lib:${LD_LIBRARY_PATH} PYTHONPATH=/home/naiwu/xxu_2026/xxu_nav_2026/install/explore_lite_msgs/lib/python3.12/site-packages:${PYTHONPATH} /usr/bin/cmake --build /home/naiwu/xxu_2026/xxu_nav_2026/build/xxu_slam_toolbox -- -j24 -l24
[2.676s] DEBUG:colcon.colcon_core.event_handler.log_command:Invoked command in '/home/naiwu/xxu_2026/xxu_nav_2026/build/xxu_slam_toolbox' returned '0': AMENT_PREFIX_PATH=/home/naiwu/xxu_2026/xxu_nav_2026/install/explore_lite:/home/naiwu/xxu_2026/xxu_nav_2026/install/explore_lite_msgs:${AMENT_PREFIX_PATH} CMAKE_PREFIX_PATH=/home/naiwu/xxu_2026/xxu_nav_2026/install/explore_lite:/home/naiwu/xxu_2026/xxu_nav_2026/install/explore_lite_msgs:/opt/ros/jazzy/opt/gz_sim_vendor:/opt/ros/jazzy/opt/gz_sensors_vendor:/opt/ros/jazzy/opt/gz_physics_vendor:/opt/ros/jazzy/opt/sdformat_vendor:/opt/ros/jazzy/opt/gz_gui_vendor:/opt/ros/jazzy/opt/gz_transport_vendor:/opt/ros/jazzy/opt/gz_rendering_vendor:/opt/ros/jazzy/opt/gz_plugin_vendor:/opt/ros/jazzy/opt/gz_fuel_tools_vendor:/opt/ros/jazzy/opt/gz_msgs_vendor:/opt/ros/jazzy/opt/gz_common_vendor:/opt/ros/jazzy/opt/gz_math_vendor:/opt/ros/jazzy/opt/gz_utils_vendor:/opt/ros/jazzy/opt/gz_tools_vendor:/opt/ros/jazzy/opt/gz_ogre_next_vendor:/opt/ros/jazzy/opt/gz_dartsim_vendor:/opt/ros/jazzy/opt/gz_cmake_vendor:/opt/ros/jazzy DEBUGINFOD_URLS=https://debuginfod.ubuntu.com LD_LIBRARY_PATH=/home/naiwu/xxu_2026/xxu_nav_2026/install/explore_lite_msgs/lib:${LD_LIBRARY_PATH} PYTHONPATH=/home/naiwu/xxu_2026/xxu_nav_2026/install/explore_lite_msgs/lib/python3.12/site-packages:${PYTHONPATH} /usr/bin/cmake --build /home/naiwu/xxu_2026/xxu_nav_2026/build/xxu_slam_toolbox -- -j24 -l24
[2.676s] DEBUG:colcon.colcon_core.event_handler.log_command:Invoking command in '/home/naiwu/xxu_2026/xxu_nav_2026/build/xxu_slam_toolbox': AMENT_PREFIX_PATH=/home/naiwu/xxu_2026/xxu_nav_2026/install/explore_lite:/home/naiwu/xxu_2026/xxu_nav_2026/install/explore_lite_msgs:${AMENT_PREFIX_PATH} CMAKE_PREFIX_PATH=/home/naiwu/xxu_2026/xxu_nav_2026/install/explore_lite:/home/naiwu/xxu_2026/xxu_nav_2026/install/explore_lite_msgs:/opt/ros/jazzy/opt/gz_sim_vendor:/opt/ros/jazzy/opt/gz_sensors_vendor:/opt/ros/jazzy/opt/gz_physics_vendor:/opt/ros/jazzy/opt/sdformat_vendor:/opt/ros/jazzy/opt/gz_gui_vendor:/opt/ros/jazzy/opt/gz_transport_vendor:/opt/ros/jazzy/opt/gz_rendering_vendor:/opt/ros/jazzy/opt/gz_plugin_vendor:/opt/ros/jazzy/opt/gz_fuel_tools_vendor:/opt/ros/jazzy/opt/gz_msgs_vendor:/opt/ros/jazzy/opt/gz_common_vendor:/opt/ros/jazzy/opt/gz_math_vendor:/opt/ros/jazzy/opt/gz_utils_vendor:/opt/ros/jazzy/opt/gz_tools_vendor:/opt/ros/jazzy/opt/gz_ogre_next_vendor:/opt/ros/jazzy/opt/gz_dartsim_vendor:/opt/ros/jazzy/opt/gz_cmake_vendor:/opt/ros/jazzy DEBUGINFOD_URLS=https://debuginfod.ubuntu.com LD_LIBRARY_PATH=/home/naiwu/xxu_2026/xxu_nav_2026/install/explore_lite_msgs/lib:${LD_LIBRARY_PATH} PYTHONPATH=/home/naiwu/xxu_2026/xxu_nav_2026/install/explore_lite_msgs/lib/python3.12/site-packages:${PYTHONPATH} /usr/bin/cmake --install /home/naiwu/xxu_2026/xxu_nav_2026/build/xxu_slam_toolbox
[2.811s] Level 1:colcon.colcon_core.environment:create_environment_scripts_only(xxu_slam_toolbox)
[2.811s] Level 1:colcon.colcon_core.environment:checking '/home/naiwu/xxu_2026/xxu_nav_2026/install/xxu_slam_toolbox' for CMake module files
[2.811s] DEBUG:colcon.colcon_core.event_handler.log_command:Invoked command in '/home/naiwu/xxu_2026/xxu_nav_2026/build/xxu_slam_toolbox' returned '0': AMENT_PREFIX_PATH=/home/naiwu/xxu_2026/xxu_nav_2026/install/explore_lite:/home/naiwu/xxu_2026/xxu_nav_2026/install/explore_lite_msgs:${AMENT_PREFIX_PATH} CMAKE_PREFIX_PATH=/home/naiwu/xxu_2026/xxu_nav_2026/install/explore_lite:/home/naiwu/xxu_2026/xxu_nav_2026/install/explore_lite_msgs:/opt/ros/jazzy/opt/gz_sim_vendor:/opt/ros/jazzy/opt/gz_sensors_vendor:/opt/ros/jazzy/opt/gz_physics_vendor:/opt/ros/jazzy/opt/sdformat_vendor:/opt/ros/jazzy/opt/gz_gui_vendor:/opt/ros/jazzy/opt/gz_transport_vendor:/opt/ros/jazzy/opt/gz_rendering_vendor:/opt/ros/jazzy/opt/gz_plugin_vendor:/opt/ros/jazzy/opt/gz_fuel_tools_vendor:/opt/ros/jazzy/opt/gz_msgs_vendor:/opt/ros/jazzy/opt/gz_common_vendor:/opt/ros/jazzy/opt/gz_math_vendor:/opt/ros/jazzy/opt/gz_utils_vendor:/opt/ros/jazzy/opt/gz_tools_vendor:/opt/ros/jazzy/opt/gz_ogre_next_vendor:/opt/ros/jazzy/opt/gz_dartsim_vendor:/opt/ros/jazzy/opt/gz_cmake_vendor:/opt/ros/jazzy DEBUGINFOD_URLS=https://debuginfod.ubuntu.com LD_LIBRARY_PATH=/home/naiwu/xxu_2026/xxu_nav_2026/install/explore_lite_msgs/lib:${LD_LIBRARY_PATH} PYTHONPATH=/home/naiwu/xxu_2026/xxu_nav_2026/install/explore_lite_msgs/lib/python3.12/site-packages:${PYTHONPATH} /usr/bin/cmake --install /home/naiwu/xxu_2026/xxu_nav_2026/build/xxu_slam_toolbox
[2.811s] Level 1:colcon.colcon_core.environment:checking '/home/naiwu/xxu_2026/xxu_nav_2026/install/xxu_slam_toolbox' for CMake config files
[2.812s] Level 1:colcon.colcon_core.shell:create_environment_hook('xxu_slam_toolbox', 'cmake_prefix_path')
[2.812s] INFO:colcon.colcon_core.shell:Creating environment hook '/home/naiwu/xxu_2026/xxu_nav_2026/install/xxu_slam_toolbox/share/xxu_slam_toolbox/hook/cmake_prefix_path.ps1'
[2.812s] INFO:colcon.colcon_core.shell:Creating environment descriptor '/home/naiwu/xxu_2026/xxu_nav_2026/install/xxu_slam_toolbox/share/xxu_slam_toolbox/hook/cmake_prefix_path.dsv'
[2.812s] INFO:colcon.colcon_core.shell:Creating environment hook '/home/naiwu/xxu_2026/xxu_nav_2026/install/xxu_slam_toolbox/share/xxu_slam_toolbox/hook/cmake_prefix_path.sh'
[2.812s] Level 1:colcon.colcon_core.environment:checking '/home/naiwu/xxu_2026/xxu_nav_2026/install/xxu_slam_toolbox/bin'
[2.812s] Level 1:colcon.colcon_core.environment:checking '/home/naiwu/xxu_2026/xxu_nav_2026/install/xxu_slam_toolbox/lib/pkgconfig/xxu_slam_toolbox.pc'
[2.812s] Level 1:colcon.colcon_core.environment:checking '/home/naiwu/xxu_2026/xxu_nav_2026/install/xxu_slam_toolbox/lib/python3.12/site-packages'
[2.813s] Level 1:colcon.colcon_core.environment:checking '/home/naiwu/xxu_2026/xxu_nav_2026/install/xxu_slam_toolbox/bin'
[2.813s] INFO:colcon.colcon_core.shell:Creating package script '/home/naiwu/xxu_2026/xxu_nav_2026/install/xxu_slam_toolbox/share/xxu_slam_toolbox/package.ps1'
[2.813s] INFO:colcon.colcon_core.shell:Creating package descriptor '/home/naiwu/xxu_2026/xxu_nav_2026/install/xxu_slam_toolbox/share/xxu_slam_toolbox/package.dsv'
[2.813s] INFO:colcon.colcon_core.shell:Creating package script '/home/naiwu/xxu_2026/xxu_nav_2026/install/xxu_slam_toolbox/share/xxu_slam_toolbox/package.sh'
[2.813s] INFO:colcon.colcon_core.shell:Creating package script '/home/naiwu/xxu_2026/xxu_nav_2026/install/xxu_slam_toolbox/share/xxu_slam_toolbox/package.bash'
[2.813s] INFO:colcon.colcon_core.shell:Creating package script '/home/naiwu/xxu_2026/xxu_nav_2026/install/xxu_slam_toolbox/share/xxu_slam_toolbox/package.zsh'
[2.814s] Level 1:colcon.colcon_core.environment:create_file_with_runtime_dependencies(/home/naiwu/xxu_2026/xxu_nav_2026/install/xxu_slam_toolbox/share/colcon-core/packages/xxu_slam_toolbox)
[2.814s] Level 1:colcon.colcon_core.environment:create_environment_scripts_only(xxu_slam_toolbox)
[2.814s] Level 1:colcon.colcon_core.environment:checking '/home/naiwu/xxu_2026/xxu_nav_2026/install/xxu_slam_toolbox' for CMake module files
[2.814s] Level 1:colcon.colcon_core.environment:checking '/home/naiwu/xxu_2026/xxu_nav_2026/install/xxu_slam_toolbox' for CMake config files
[2.814s] Level 1:colcon.colcon_core.shell:create_environment_hook('xxu_slam_toolbox', 'cmake_prefix_path')
[2.814s] INFO:colcon.colcon_core.shell:Creating environment hook '/home/naiwu/xxu_2026/xxu_nav_2026/install/xxu_slam_toolbox/share/xxu_slam_toolbox/hook/cmake_prefix_path.ps1'
[2.815s] INFO:colcon.colcon_core.shell:Creating environment descriptor '/home/naiwu/xxu_2026/xxu_nav_2026/install/xxu_slam_toolbox/share/xxu_slam_toolbox/hook/cmake_prefix_path.dsv'
[2.815s] INFO:colcon.colcon_core.shell:Creating environment hook '/home/naiwu/xxu_2026/xxu_nav_2026/install/xxu_slam_toolbox/share/xxu_slam_toolbox/hook/cmake_prefix_path.sh'
[2.815s] Level 1:colcon.colcon_core.environment:checking '/home/naiwu/xxu_2026/xxu_nav_2026/install/xxu_slam_toolbox/bin'
[2.816s] Level 1:colcon.colcon_core.environment:checking '/home/naiwu/xxu_2026/xxu_nav_2026/install/xxu_slam_toolbox/lib/pkgconfig/xxu_slam_toolbox.pc'
[2.816s] Level 1:colcon.colcon_core.environment:checking '/home/naiwu/xxu_2026/xxu_nav_2026/install/xxu_slam_toolbox/lib/python3.12/site-packages'
[2.816s] Level 1:colcon.colcon_core.environment:checking '/home/naiwu/xxu_2026/xxu_nav_2026/install/xxu_slam_toolbox/bin'
[2.816s] INFO:colcon.colcon_core.shell:Creating package script '/home/naiwu/xxu_2026/xxu_nav_2026/install/xxu_slam_toolbox/share/xxu_slam_toolbox/package.ps1'
[2.816s] INFO:colcon.colcon_core.shell:Creating package descriptor '/home/naiwu/xxu_2026/xxu_nav_2026/install/xxu_slam_toolbox/share/xxu_slam_toolbox/package.dsv'
[2.816s] INFO:colcon.colcon_core.shell:Creating package script '/home/naiwu/xxu_2026/xxu_nav_2026/install/xxu_slam_toolbox/share/xxu_slam_toolbox/package.sh'
[2.816s] INFO:colcon.colcon_core.shell:Creating package script '/home/naiwu/xxu_2026/xxu_nav_2026/install/xxu_slam_toolbox/share/xxu_slam_toolbox/package.bash'
[2.817s] INFO:colcon.colcon_core.shell:Creating package script '/home/naiwu/xxu_2026/xxu_nav_2026/install/xxu_slam_toolbox/share/xxu_slam_toolbox/package.zsh'
[2.817s] Level 1:colcon.colcon_core.environment:create_file_with_runtime_dependencies(/home/naiwu/xxu_2026/xxu_nav_2026/install/xxu_slam_toolbox/share/colcon-core/packages/xxu_slam_toolbox)
[2.817s] DEBUG:colcon.colcon_parallel_executor.executor.parallel:closing loop
[2.817s] DEBUG:colcon.colcon_parallel_executor.executor.parallel:loop closed
[2.817s] DEBUG:colcon.colcon_parallel_executor.executor.parallel:run_until_complete finished with '0'
[2.817s] DEBUG:colcon.colcon_core.event_reactor:joining thread
[2.822s] INFO:colcon.colcon_core.plugin_system:Skipping extension 'colcon_notification.desktop_notification.terminal_notifier': Not used on non-Darwin systems
[2.822s] INFO:colcon.colcon_core.plugin_system:Skipping extension 'colcon_notification.desktop_notification.win32': Not used on non-Windows systems
[2.822s] INFO:colcon.colcon_notification.desktop_notification:Sending desktop notification using 'notify2'
[2.832s] DEBUG:colcon.colcon_core.event_reactor:joined thread
[2.832s] INFO:colcon.colcon_core.shell:Creating prefix script '/home/naiwu/xxu_2026/xxu_nav_2026/install/local_setup.ps1'
[2.833s] INFO:colcon.colcon_core.shell:Creating prefix util module '/home/naiwu/xxu_2026/xxu_nav_2026/install/_local_setup_util_ps1.py'
[2.834s] INFO:colcon.colcon_core.shell:Creating prefix chain script '/home/naiwu/xxu_2026/xxu_nav_2026/install/setup.ps1'
[2.834s] INFO:colcon.colcon_core.shell:Creating prefix script '/home/naiwu/xxu_2026/xxu_nav_2026/install/local_setup.sh'
[2.835s] INFO:colcon.colcon_core.shell:Creating prefix util module '/home/naiwu/xxu_2026/xxu_nav_2026/install/_local_setup_util_sh.py'
[2.835s] INFO:colcon.colcon_core.shell:Creating prefix chain script '/home/naiwu/xxu_2026/xxu_nav_2026/install/setup.sh'
[2.836s] INFO:colcon.colcon_core.shell:Creating prefix script '/home/naiwu/xxu_2026/xxu_nav_2026/install/local_setup.bash'
[2.837s] INFO:colcon.colcon_core.shell:Creating prefix chain script '/home/naiwu/xxu_2026/xxu_nav_2026/install/setup.bash'
[2.837s] INFO:colcon.colcon_core.shell:Creating prefix script '/home/naiwu/xxu_2026/xxu_nav_2026/install/local_setup.zsh'
[2.838s] INFO:colcon.colcon_core.shell:Creating prefix chain script '/home/naiwu/xxu_2026/xxu_nav_2026/install/setup.zsh'
